id,code,stock_name,industry,market,operation,useropenid
1,SZ.000598,兴蓉环境,0,0,0,o48rB0tHYGOfpB9_eqInFV1OX3h0
2,SZ.000627,天茂集团,0,0,0,o48rB0tHYGOfpB9_eqInFV1OX3h0
3,SZ.000676,智度股份,0,0,0,o48rB0tHYGOfpB9_eqInFV1OX3h0
4,SZ.000686,东北证券,0,0,0,o48rB0tHYGOfpB9_eqInFV1OX3h0
5,SZ.000690,宝新能源,0,0,0,o48rB0tHYGOfpB9_eqInFV1OX3h0
6,SH.600057,厦门象屿,0,0,0,o48rB0tHYGOfpB9_eqInFV1OX3h0
7,SH.600085,同仁堂,0,0,0,o48rB0tHYGOfpB9_eqInFV1OX3h0
8,SH.600118,中国卫星,0,0,0,o48rB0tHYGOfpB9_eqInFV1OX3h0
9,SH.600170,上海建工,0,0,0,o48rB0tHYGOfpB9_eqInFV1OX3h0
10,SH.600269,赣粤高速,0,0,0,o48rB0tHYGOfpB9_eqInFV1OX3h0
11,SH.600312,平高电气,0,0,0,o48rB0tHYGOfpB9_eqInFV1OX3h0
12,SH.600369,西南证券,0,0,0,o48rB0tHYGOfpB9_eqInFV1OX3h0
14,SH.600705,中航资本,0,0,0,o48rB0tHYGOfpB9_eqInFV1OX3h0
15,SH.600879,航天电子,0,0,0,o48rB0tHYGOfpB9_eqInFV1OX3h0
16,SH.600893,航发动力,0,0,0,o48rB0tHYGOfpB9_eqInFV1OX3h0
17,SH.600521,华海药业,0,0,0,o48rB0tHYGOfpB9_eqInFV1OX3h0
18,SH.600570,恒生电子,0,0,0,o48rB0tHYGOfpB9_eqInFV1OX3h0
19,SH.601390,中国中铁,0,0,0,o48rB0tHYGOfpB9_eqInFV1OX3h0
20,SH.601918,新集能源,0,0,0,o48rB0tHYGOfpB9_eqInFV1OX3h0
21,SH.601375,中原证券,0,0,0,o48rB0tHYGOfpB9_eqInFV1OX3h0
22,SH.601288,农业银行,0,0,0,o48rB0tHYGOfpB9_eqInFV1OX3h0
23,SZ.002303,美盈森,0,0,0,o48rB0tHYGOfpB9_eqInFV1OX3h0
24,SH.601179,中国西电,0,0,0,o48rB0tHYGOfpB9_eqInFV1OX3h0
25,SZ.002460,赣锋锂业,0,0,0,o48rB0tHYGOfpB9_eqInFV1OX3h0
26,SZ.002681,奋达科技,0,0,0,o48rB0tHYGOfpB9_eqInFV1OX3h0
27,SH.601608,中信重工,0,0,0,o48rB0tHYGOfpB9_eqInFV1OX3h0
28,SZ.000666,经纬纺机,0,0,0,o48rB0tHYGOfpB9_eqInFV1OX3h0
29,SZ.000887,中鼎股份,0,0,0,o48rB0tHYGOfpB9_eqInFV1OX3h0
30,SZ.000988,华工科技,0,0,0,o48rB0tHYGOfpB9_eqInFV1OX3h0
31,SH.600008,首创股份,0,0,0,o48rB0tHYGOfpB9_eqInFV1OX3h0
32,SH.600011,华能国际,0,0,0,o48rB0tHYGOfpB9_eqInFV1OX3h0
33,SH.600028,中国石化,0,0,0,o48rB0tHYGOfpB9_eqInFV1OX3h0
34,SH.600037,歌华有线,0,0,0,o48rB0tHYGOfpB9_eqInFV1OX3h0
35,SH.600125,铁龙物流,0,0,0,o48rB0tHYGOfpB9_eqInFV1OX3h0
36,SH.600252,中恒集团,0,0,0,o48rB0tHYGOfpB9_eqInFV1OX3h0
37,SH.600316,洪都航空,0,0,0,o48rB0tHYGOfpB9_eqInFV1OX3h0
38,SH.600366,宁波韵升,0,0,0,o48rB0tHYGOfpB9_eqInFV1OX3h0
39,SH.600380,健康元,0,0,0,o48rB0tHYGOfpB9_eqInFV1OX3h0
40,SH.600400,红豆股份,0,0,0,o48rB0tHYGOfpB9_eqInFV1OX3h0
41,SH.600640,号百控股,0,0,0,o48rB0tHYGOfpB9_eqInFV1OX3h0
42,SH.601607,上海医药,0,0,0,o48rB0tHYGOfpB9_eqInFV1OX3h0
43,SH.600575,皖江物流,0,0,0,o48rB0tHYGOfpB9_eqInFV1OX3h0
44,SH.600502,安徽水利,0,0,0,o48rB0tHYGOfpB9_eqInFV1OX3h0
45,SH.600967,内蒙一机,0,0,0,o48rB0tHYGOfpB9_eqInFV1OX3h0
46,SH.600022,山东钢铁,0,0,0,o48rB0tHYGOfpB9_eqInFV1OX3h0
47,SH.600018,上港集团,0,0,0,o48rB0tHYGOfpB9_eqInFV1OX3h0
48,SZ.002085,万丰奥威,0,0,0,o48rB0tHYGOfpB9_eqInFV1OX3h0
49,SZ.002099,海翔药业,0,0,0,o48rB0tHYGOfpB9_eqInFV1OX3h0
50,SH.601328,交通银行,0,0,0,o48rB0tHYGOfpB9_eqInFV1OX3h0
51,SZ.002371,北方华创,0,0,0,o48rB0tHYGOfpB9_eqInFV1OX3h0
52,SZ.002183,怡亚通,0,0,0,o48rB0tHYGOfpB9_eqInFV1OX3h0
53,SH.601088,中国神华,0,0,0,o48rB0tHYGOfpB9_eqInFV1OX3h0
54,SH.601997,贵阳银行,0,0,0,o48rB0tHYGOfpB9_eqInFV1OX3h0
55,SH.601877,正泰电器,0,0,0,o48rB0tHYGOfpB9_eqInFV1OX3h0
56,SZ.002411,必康股份,0,0,0,o48rB0tHYGOfpB9_eqInFV1OX3h0
57,SZ.002431,棕榈股份,0,0,0,o48rB0tHYGOfpB9_eqInFV1OX3h0
58,SZ.002610,爱康科技,0,0,0,o48rB0tHYGOfpB9_eqInFV1OX3h0
59,SH.601928,凤凰传媒,0,0,0,o48rB0tHYGOfpB9_eqInFV1OX3h0
60,SZ.002709,天赐材料,0,0,0,o48rB0tHYGOfpB9_eqInFV1OX3h0
61,SH.601169,北京银行,0,0,0,o48rB0tHYGOfpB9_eqInFV1OX3h0
62,SH.601939,建设银行,0,0,0,o48rB0tHYGOfpB9_eqInFV1OX3h0
63,SH.601163,三角轮胎,0,0,0,o48rB0tHYGOfpB9_eqInFV1OX3h0
64,SZ.000401,冀东水泥,0,0,0,o48rB0tHYGOfpB9_eqInFV1OX3h0
65,SZ.000568,泸州老窖,0,0,0,o48rB0tHYGOfpB9_eqInFV1OX3h0
66,SZ.000802,北京文化,0,0,0,o48rB0tHYGOfpB9_eqInFV1OX3h0
67,SZ.000839,中信国安,0,0,0,o48rB0tHYGOfpB9_eqInFV1OX3h0
68,SZ.000928,中钢国际,0,0,0,o48rB0tHYGOfpB9_eqInFV1OX3h0
69,SH.600282,南钢股份,0,0,0,o48rB0tHYGOfpB9_eqInFV1OX3h0
70,SH.600298,安琪酵母,0,0,0,o48rB0tHYGOfpB9_eqInFV1OX3h0
71,SH.600317,营口港,0,0,0,o48rB0tHYGOfpB9_eqInFV1OX3h0
72,SH.600428,中远海特,0,0,0,o48rB0tHYGOfpB9_eqInFV1OX3h0
73,SH.600550,保变电气,0,0,0,o48rB0tHYGOfpB9_eqInFV1OX3h0
74,SH.600643,爱建集团,0,0,0,o48rB0tHYGOfpB9_eqInFV1OX3h0
75,SH.600728,佳都科技,0,0,0,o48rB0tHYGOfpB9_eqInFV1OX3h0
77,SH.600809,山西汾酒,0,0,0,o48rB0tHYGOfpB9_eqInFV1OX3h0
78,SH.600823,世茂股份,0,0,0,o48rB0tHYGOfpB9_eqInFV1OX3h0
79,SH.600562,国睿科技,0,0,0,o48rB0tHYGOfpB9_eqInFV1OX3h0
80,SH.600487,亨通光电,0,0,0,o48rB0tHYGOfpB9_eqInFV1OX3h0
81,SH.600507,方大特钢,0,0,0,o48rB0tHYGOfpB9_eqInFV1OX3h0
82,SH.600021,上海电力,0,0,0,o48rB0tHYGOfpB9_eqInFV1OX3h0
83,SH.600497,驰宏锌锗,0,0,0,o48rB0tHYGOfpB9_eqInFV1OX3h0
84,SH.600482,中国动力,0,0,0,o48rB0tHYGOfpB9_eqInFV1OX3h0
85,SZ.002030,达安基因,0,0,0,o48rB0tHYGOfpB9_eqInFV1OX3h0
86,SH.601699,潞安环能,0,0,0,o48rB0tHYGOfpB9_eqInFV1OX3h0
87,SH.601958,金钼股份,0,0,0,o48rB0tHYGOfpB9_eqInFV1OX3h0
88,SH.601229,上海银行,0,0,0,o48rB0tHYGOfpB9_eqInFV1OX3h0
89,SZ.002506,协鑫集成,0,0,0,o48rB0tHYGOfpB9_eqInFV1OX3h0
90,SZ.002445,中南文化,0,0,0,o48rB0tHYGOfpB9_eqInFV1OX3h0
91,SH.601336,新华保险,0,0,0,o48rB0tHYGOfpB9_eqInFV1OX3h0
92,SH.600926,杭州银行,0,0,0,o48rB0tHYGOfpB9_eqInFV1OX3h0
93,SZ.002594,比亚迪,0,0,0,o48rB0tHYGOfpB9_eqInFV1OX3h0
94,SZ.002690,美亚光电,0,0,0,o48rB0tHYGOfpB9_eqInFV1OX3h0
95,SZ.000039,中集集团,0,0,0,o48rB0tHYGOfpB9_eqInFV1OX3h0
96,SZ.000425,徐工机械,0,0,0,o48rB0tHYGOfpB9_eqInFV1OX3h0
97,SZ.000732,泰禾集团,0,0,0,o48rB0tHYGOfpB9_eqInFV1OX3h0
98,SZ.000767,漳泽电力,0,0,0,o48rB0tHYGOfpB9_eqInFV1OX3h0
99,SZ.000876,新希望,0,0,0,o48rB0tHYGOfpB9_eqInFV1OX3h0
100,SH.600096,云天化,0,0,0,o48rB0tHYGOfpB9_eqInFV1OX3h0
101,SH.600108,亚盛集团,0,0,0,o48rB0tHYGOfpB9_eqInFV1OX3h0
102,SH.600138,中青旅,0,0,0,o48rB0tHYGOfpB9_eqInFV1OX3h0
103,SH.600183,生益科技,0,0,0,o48rB0tHYGOfpB9_eqInFV1OX3h0
104,SH.600216,浙江医药,0,0,0,o48rB0tHYGOfpB9_eqInFV1OX3h0
105,SH.600388,龙净环保,0,0,0,o48rB0tHYGOfpB9_eqInFV1OX3h0
106,SH.600765,中航重机,0,0,0,o48rB0tHYGOfpB9_eqInFV1OX3h0
107,SH.600787,中储股份,0,0,0,o48rB0tHYGOfpB9_eqInFV1OX3h0
108,SH.600026,中远海能,0,0,0,o48rB0tHYGOfpB9_eqInFV1OX3h0
109,SH.600409,三友化工,0,0,0,o48rB0tHYGOfpB9_eqInFV1OX3h0
110,SH.600348,阳泉煤业,0,0,0,o48rB0tHYGOfpB9_eqInFV1OX3h0
111,SZ.002028,思源电气,0,0,0,o48rB0tHYGOfpB9_eqInFV1OX3h0
112,SZ.002210,飞马国际,0,0,0,o48rB0tHYGOfpB9_eqInFV1OX3h0
113,SZ.002239,奥特佳,0,0,0,o48rB0tHYGOfpB9_eqInFV1OX3h0
114,SZ.002285,世联行,0,0,0,o48rB0tHYGOfpB9_eqInFV1OX3h0
115,SZ.002372,伟星新材,0,0,0,o48rB0tHYGOfpB9_eqInFV1OX3h0
116,SZ.002390,信邦制药,0,0,0,o48rB0tHYGOfpB9_eqInFV1OX3h0
117,SZ.002500,山西证券,0,0,0,o48rB0tHYGOfpB9_eqInFV1OX3h0
118,SZ.002491,通鼎互联,0,0,0,o48rB0tHYGOfpB9_eqInFV1OX3h0
119,SH.600919,江苏银行,0,0,0,o48rB0tHYGOfpB9_eqInFV1OX3h0
120,SH.601222,林洋能源,0,0,0,o48rB0tHYGOfpB9_eqInFV1OX3h0
121,SZ.002642,荣之联,0,0,0,o48rB0tHYGOfpB9_eqInFV1OX3h0
122,SZ.002701,奥瑞金,0,0,0,o48rB0tHYGOfpB9_eqInFV1OX3h0
123,SZ.000008,神州高铁,0,0,0,o48rB0tHYGOfpB9_eqInFV1OX3h0
124,SZ.000027,深圳能源,0,0,0,o48rB0tHYGOfpB9_eqInFV1OX3h0
125,SZ.000418,小天鹅,0,0,0,o48rB0tHYGOfpB9_eqInFV1OX3h0
126,SZ.000537,广宇发展,0,0,0,o48rB0tHYGOfpB9_eqInFV1OX3h0
127,SZ.000541,佛山照明,0,0,0,o48rB0tHYGOfpB9_eqInFV1OX3h0
128,SZ.000750,国海证券,0,0,0,o48rB0tHYGOfpB9_eqInFV1OX3h0
129,SZ.000778,新兴铸管,0,0,0,o48rB0tHYGOfpB9_eqInFV1OX3h0
130,SZ.000898,鞍钢股份,0,0,0,o48rB0tHYGOfpB9_eqInFV1OX3h0
131,SZ.000959,首钢股份,0,0,0,o48rB0tHYGOfpB9_eqInFV1OX3h0
132,SH.600196,复星医药,0,0,0,o48rB0tHYGOfpB9_eqInFV1OX3h0
133,SH.600259,广晟有色,0,0,0,o48rB0tHYGOfpB9_eqInFV1OX3h0
134,SH.600332,白云山,0,0,0,o48rB0tHYGOfpB9_eqInFV1OX3h0
135,SH.600651,飞乐音响,0,0,0,o48rB0tHYGOfpB9_eqInFV1OX3h0
136,SH.600868,梅雁吉祥,0,0,0,o48rB0tHYGOfpB9_eqInFV1OX3h0
137,SH.600535,天士力,0,0,0,o48rB0tHYGOfpB9_eqInFV1OX3h0
138,SZ.002092,中泰化学,0,0,0,o48rB0tHYGOfpB9_eqInFV1OX3h0
139,SZ.002195,二三四五,0,0,0,o48rB0tHYGOfpB9_eqInFV1OX3h0
140,SH.601901,方正证券,0,0,0,o48rB0tHYGOfpB9_eqInFV1OX3h0
141,SZ.002302,西部建设,0,0,0,o48rB0tHYGOfpB9_eqInFV1OX3h0
142,SH.601117,中国化学,0,0,0,o48rB0tHYGOfpB9_eqInFV1OX3h0
143,SZ.002424,贵州百灵,0,0,0,o48rB0tHYGOfpB9_eqInFV1OX3h0
144,SZ.002440,闰土股份,0,0,0,o48rB0tHYGOfpB9_eqInFV1OX3h0
145,SZ.002497,雅化集团,0,0,0,o48rB0tHYGOfpB9_eqInFV1OX3h0
146,SZ.002509,天广中茂,0,0,0,o48rB0tHYGOfpB9_eqInFV1OX3h0
147,SZ.002635,安洁科技,0,0,0,o48rB0tHYGOfpB9_eqInFV1OX3h0
148,SH.601929,吉视传媒,0,0,0,o48rB0tHYGOfpB9_eqInFV1OX3h0
149,SZ.002657,中科金财,0,0,0,o48rB0tHYGOfpB9_eqInFV1OX3h0
150,SH.603019,中科曙光,0,0,0,o48rB0tHYGOfpB9_eqInFV1OX3h0
151,SZ.000061,农产品,0,0,0,o48rB0tHYGOfpB9_eqInFV1OX3h0
152,SZ.000572,海马汽车,0,0,0,o48rB0tHYGOfpB9_eqInFV1OX3h0
153,SZ.000630,铜陵有色,0,0,0,o48rB0tHYGOfpB9_eqInFV1OX3h0
154,SZ.000729,燕京啤酒,0,0,0,o48rB0tHYGOfpB9_eqInFV1OX3h0
155,SZ.000917,电广传媒,0,0,0,o48rB0tHYGOfpB9_eqInFV1OX3h0
156,SZ.000970,中科三环,0,0,0,o48rB0tHYGOfpB9_eqInFV1OX3h0
157,SH.600064,南京高科,0,0,0,o48rB0tHYGOfpB9_eqInFV1OX3h0
158,SH.600110,诺德股份,0,0,0,o48rB0tHYGOfpB9_eqInFV1OX3h0
159,SH.600176,中国巨石,0,0,0,o48rB0tHYGOfpB9_eqInFV1OX3h0
160,SH.600277,亿利洁能,0,0,0,o48rB0tHYGOfpB9_eqInFV1OX3h0
161,SH.600500,中化国际,0,0,0,o48rB0tHYGOfpB9_eqInFV1OX3h0
162,SH.600612,老凤祥,0,0,0,o48rB0tHYGOfpB9_eqInFV1OX3h0
163,SH.600739,辽宁成大,0,0,0,o48rB0tHYGOfpB9_eqInFV1OX3h0
164,SH.600777,新潮能源,0,0,0,o48rB0tHYGOfpB9_eqInFV1OX3h0
165,SH.600839,四川长虹,0,0,0,o48rB0tHYGOfpB9_eqInFV1OX3h0
166,SH.600416,湘电股份,0,0,0,o48rB0tHYGOfpB9_eqInFV1OX3h0
167,SH.600029,南方航空,0,0,0,o48rB0tHYGOfpB9_eqInFV1OX3h0
168,SH.600491,龙元建设,0,0,0,o48rB0tHYGOfpB9_eqInFV1OX3h0
169,SZ.002055,得润电子,0,0,0,o48rB0tHYGOfpB9_eqInFV1OX3h0
170,SZ.002142,宁波银行,0,0,0,o48rB0tHYGOfpB9_eqInFV1OX3h0
171,SZ.002544,杰赛科技,0,0,0,o48rB0tHYGOfpB9_eqInFV1OX3h0
172,SZ.002223,鱼跃医疗,0,0,0,o48rB0tHYGOfpB9_eqInFV1OX3h0
173,SZ.002273,水晶光电,0,0,0,o48rB0tHYGOfpB9_eqInFV1OX3h0
174,SH.601633,长城汽车,0,0,0,o48rB0tHYGOfpB9_eqInFV1OX3h0
175,SZ.002294,信立泰,0,0,0,o48rB0tHYGOfpB9_eqInFV1OX3h0
176,SZ.002414,高德红外,0,0,0,o48rB0tHYGOfpB9_eqInFV1OX3h0
177,SZ.002465,海格通信,0,0,0,o48rB0tHYGOfpB9_eqInFV1OX3h0
178,SZ.002501,利源精制,0,0,0,o48rB0tHYGOfpB9_eqInFV1OX3h0
179,SH.601211,国泰君安,0,0,0,o48rB0tHYGOfpB9_eqInFV1OX3h0
180,SH.601567,三星医疗,0,0,0,o48rB0tHYGOfpB9_eqInFV1OX3h0
181,SZ.002601,龙蟒佰利,0,0,0,o48rB0tHYGOfpB9_eqInFV1OX3h0
182,SZ.000519,中兵红箭,0,0,0,o48rB0tHYGOfpB9_eqInFV1OX3h0
183,SZ.000687,华讯方舟,0,0,0,o48rB0tHYGOfpB9_eqInFV1OX3h0
184,SZ.000758,中色股份,0,0,0,o48rB0tHYGOfpB9_eqInFV1OX3h0
185,SZ.000815,美利云,0,0,0,o48rB0tHYGOfpB9_eqInFV1OX3h0
186,SZ.000980,众泰汽车,0,0,0,o48rB0tHYGOfpB9_eqInFV1OX3h0
187,SZ.000998,隆平高科,0,0,0,o48rB0tHYGOfpB9_eqInFV1OX3h0
188,SH.600160,巨化股份,0,0,0,o48rB0tHYGOfpB9_eqInFV1OX3h0
189,SH.600171,上海贝岭,0,0,0,o48rB0tHYGOfpB9_eqInFV1OX3h0
190,SH.600175,美都能源,0,0,0,o48rB0tHYGOfpB9_eqInFV1OX3h0
191,SH.600261,阳光照明,0,0,0,o48rB0tHYGOfpB9_eqInFV1OX3h0
192,SH.600372,中航电子,0,0,0,o48rB0tHYGOfpB9_eqInFV1OX3h0
193,SH.600598,北大荒,0,0,0,o48rB0tHYGOfpB9_eqInFV1OX3h0
194,SH.600674,川投能源,0,0,0,o48rB0tHYGOfpB9_eqInFV1OX3h0
195,SH.600688,上海石化,0,0,0,o48rB0tHYGOfpB9_eqInFV1OX3h0
196,SH.600886,国投电力,0,0,0,o48rB0tHYGOfpB9_eqInFV1OX3h0
197,SH.600894,广日股份,0,0,0,o48rB0tHYGOfpB9_eqInFV1OX3h0
198,SH.600030,中信证券,0,0,0,o48rB0tHYGOfpB9_eqInFV1OX3h0
199,SH.600392,盛和资源,0,0,0,o48rB0tHYGOfpB9_eqInFV1OX3h0
200,SH.600438,通威股份,0,0,0,o48rB0tHYGOfpB9_eqInFV1OX3h0
201,SZ.002407,多氟多,0,0,0,o48rB0tHYGOfpB9_eqInFV1OX3h0
202,SZ.002202,金风科技,0,0,0,o48rB0tHYGOfpB9_eqInFV1OX3h0
203,SZ.002262,恩华药业,0,0,0,o48rB0tHYGOfpB9_eqInFV1OX3h0
204,SZ.002271,东方雨虹,0,0,0,o48rB0tHYGOfpB9_eqInFV1OX3h0
205,SZ.002308,威创股份,0,0,0,o48rB0tHYGOfpB9_eqInFV1OX3h0
206,SH.601012,隆基股份,0,0,0,o48rB0tHYGOfpB9_eqInFV1OX3h0
207,SZ.002477,雏鹰农牧,0,0,0,o48rB0tHYGOfpB9_eqInFV1OX3h0
208,SH.601818,光大银行,0,0,0,o48rB0tHYGOfpB9_eqInFV1OX3h0
209,SZ.000166,申万宏源,0,0,0,o48rB0tHYGOfpB9_eqInFV1OX3h0
210,SZ.002600,领益智造,0,0,0,o48rB0tHYGOfpB9_eqInFV1OX3h0
211,SH.601985,中国核电,0,0,0,o48rB0tHYGOfpB9_eqInFV1OX3h0
212,SH.603444,吉比特,0,0,0,o48rB0tHYGOfpB9_eqInFV1OX3h0
213,SZ.000413,东旭光电,0,0,0,o48rB0tHYGOfpB9_eqInFV1OX3h0
214,SZ.000620,新华联,0,0,0,o48rB0tHYGOfpB9_eqInFV1OX3h0
215,SZ.000717,韶钢松山,0,0,0,o48rB0tHYGOfpB9_eqInFV1OX3h0
216,SZ.000726,鲁泰A,0,0,0,o48rB0tHYGOfpB9_eqInFV1OX3h0
217,SZ.000825,太钢不锈,0,0,0,o48rB0tHYGOfpB9_eqInFV1OX3h0
218,SZ.000829,天音控股,0,0,0,o48rB0tHYGOfpB9_eqInFV1OX3h0
219,SZ.000961,中南建设,0,0,0,o48rB0tHYGOfpB9_eqInFV1OX3h0
220,SH.600518,康美药业,0,0,0,o48rB0tHYGOfpB9_eqInFV1OX3h0
221,SH.600582,天地科技,0,0,0,o48rB0tHYGOfpB9_eqInFV1OX3h0
222,SH.600588,用友网络,0,0,0,o48rB0tHYGOfpB9_eqInFV1OX3h0
223,SH.600606,绿地控股,0,0,0,o48rB0tHYGOfpB9_eqInFV1OX3h0
224,SH.600872,中炬高新,0,0,0,o48rB0tHYGOfpB9_eqInFV1OX3h0
225,SH.600881,亚泰集团,0,0,0,o48rB0tHYGOfpB9_eqInFV1OX3h0
226,SH.600522,中天科技,0,0,0,o48rB0tHYGOfpB9_eqInFV1OX3h0
227,SH.600511,国药股份,0,0,0,o48rB0tHYGOfpB9_eqInFV1OX3h0
228,SH.600031,三一重工,0,0,0,o48rB0tHYGOfpB9_eqInFV1OX3h0
229,SH.600340,华夏幸福,0,0,0,o48rB0tHYGOfpB9_eqInFV1OX3h0
230,SZ.002032,苏泊尔,0,0,0,o48rB0tHYGOfpB9_eqInFV1OX3h0
231,SZ.002041,登海种业,0,0,0,o48rB0tHYGOfpB9_eqInFV1OX3h0
232,SH.601001,大同煤业,0,0,0,o48rB0tHYGOfpB9_eqInFV1OX3h0
233,SZ.002146,荣盛发展,0,0,0,o48rB0tHYGOfpB9_eqInFV1OX3h0
234,SH.601006,大秦铁路,0,0,0,o48rB0tHYGOfpB9_eqInFV1OX3h0
235,SZ.002230,科大讯飞,0,0,0,o48rB0tHYGOfpB9_eqInFV1OX3h0
236,SZ.002242,九阳股份,0,0,0,o48rB0tHYGOfpB9_eqInFV1OX3h0
237,SZ.002280,联络互动,0,0,0,o48rB0tHYGOfpB9_eqInFV1OX3h0
238,SZ.002326,永太科技,0,0,0,o48rB0tHYGOfpB9_eqInFV1OX3h0
239,SZ.002385,大北农,0,0,0,o48rB0tHYGOfpB9_eqInFV1OX3h0
240,SZ.002410,广联达,0,0,0,o48rB0tHYGOfpB9_eqInFV1OX3h0
241,SZ.002456,欧菲科技,0,0,0,o48rB0tHYGOfpB9_eqInFV1OX3h0
242,SH.601880,大连港,0,0,0,o48rB0tHYGOfpB9_eqInFV1OX3h0
243,SH.601908,京运通,0,0,0,o48rB0tHYGOfpB9_eqInFV1OX3h0
244,SZ.002157,正邦科技,0,0,0,o48rB0tHYGOfpB9_eqInFV1OX3h0
245,SH.600959,江苏有线,0,0,0,o48rB0tHYGOfpB9_eqInFV1OX3h0
246,SZ.000002,万科A,0,0,0,o48rB0tHYGOfpB9_eqInFV1OX3h0
247,SZ.000069,华侨城,0,0,0,o48rB0tHYGOfpB9_eqInFV1OX3h0
248,SZ.000591,太阳能,0,0,0,o48rB0tHYGOfpB9_eqInFV1OX3h0
249,SZ.000685,中山公用,0,0,0,o48rB0tHYGOfpB9_eqInFV1OX3h0
250,SH.600062,华润双鹤,0,0,0,o48rB0tHYGOfpB9_eqInFV1OX3h0
251,SH.600068,葛洲坝,0,0,0,o48rB0tHYGOfpB9_eqInFV1OX3h0
252,SH.600079,人福医药,0,0,0,o48rB0tHYGOfpB9_eqInFV1OX3h0
253,SH.600169,太原重工,0,0,0,o48rB0tHYGOfpB9_eqInFV1OX3h0
254,SH.600291,西水股份,0,0,0,o48rB0tHYGOfpB9_eqInFV1OX3h0
255,SH.600528,中铁工业,0,0,0,o48rB0tHYGOfpB9_eqInFV1OX3h0
256,SH.600686,金龙汽车,0,0,0,o48rB0tHYGOfpB9_eqInFV1OX3h0
257,SH.600869,智慧能源,0,0,0,o48rB0tHYGOfpB9_eqInFV1OX3h0
258,SH.600884,杉杉股份,0,0,0,o48rB0tHYGOfpB9_eqInFV1OX3h0
259,SH.600004,白云机场,0,0,0,o48rB0tHYGOfpB9_eqInFV1OX3h0
260,SH.600986,科达股份,0,0,0,o48rB0tHYGOfpB9_eqInFV1OX3h0
261,SZ.002018,*ST华信,0,0,0,o48rB0tHYGOfpB9_eqInFV1OX3h0
262,SZ.002038,双鹭药业,0,0,0,o48rB0tHYGOfpB9_eqInFV1OX3h0
263,SH.601872,招商轮船,0,0,0,o48rB0tHYGOfpB9_eqInFV1OX3h0
264,SZ.000338,潍柴动力,0,0,0,o48rB0tHYGOfpB9_eqInFV1OX3h0
265,SZ.002191,劲嘉股份,0,0,0,o48rB0tHYGOfpB9_eqInFV1OX3h0
266,SZ.002249,大洋电机,0,0,0,o48rB0tHYGOfpB9_eqInFV1OX3h0
267,SH.601198,东兴证券,0,0,0,o48rB0tHYGOfpB9_eqInFV1OX3h0
268,SZ.002354,天神娱乐,0,0,0,o48rB0tHYGOfpB9_eqInFV1OX3h0
269,SH.601118,海南橡胶,0,0,0,o48rB0tHYGOfpB9_eqInFV1OX3h0
270,SH.601933,永辉超市,0,0,0,o48rB0tHYGOfpB9_eqInFV1OX3h0
271,SH.601231,环旭电子,0,0,0,o48rB0tHYGOfpB9_eqInFV1OX3h0
272,SH.600023,浙能电力,0,0,0,o48rB0tHYGOfpB9_eqInFV1OX3h0
273,SH.601021,春秋航空,0,0,0,o48rB0tHYGOfpB9_eqInFV1OX3h0
274,SH.603885,吉祥航空,0,0,0,o48rB0tHYGOfpB9_eqInFV1OX3h0
275,SH.601611,中国核建,0,0,0,o48rB0tHYGOfpB9_eqInFV1OX3h0
276,SH.600977,中国电影,0,0,0,o48rB0tHYGOfpB9_eqInFV1OX3h0
277,SZ.000089,深圳机场,0,0,0,o48rB0tHYGOfpB9_eqInFV1OX3h0
278,SZ.000738,航发控制,0,0,0,o48rB0tHYGOfpB9_eqInFV1OX3h0
279,SZ.000918,嘉凯城,0,0,0,o48rB0tHYGOfpB9_eqInFV1OX3h0
280,SZ.000963,华东医药,0,0,0,o48rB0tHYGOfpB9_eqInFV1OX3h0
281,SZ.000975,银泰资源,0,0,0,o48rB0tHYGOfpB9_eqInFV1OX3h0
282,SH.600006,东风汽车,0,0,0,o48rB0tHYGOfpB9_eqInFV1OX3h0
283,SH.600010,包钢股份,0,0,0,o48rB0tHYGOfpB9_eqInFV1OX3h0
284,SH.600019,宝钢股份,0,0,0,o48rB0tHYGOfpB9_eqInFV1OX3h0
285,SH.600036,招商银行,0,0,0,o48rB0tHYGOfpB9_eqInFV1OX3h0
286,SH.600123,兰花科创,0,0,0,o48rB0tHYGOfpB9_eqInFV1OX3h0
287,SH.600185,格力地产,0,0,0,o48rB0tHYGOfpB9_eqInFV1OX3h0
288,SH.600315,上海家化,0,0,0,o48rB0tHYGOfpB9_eqInFV1OX3h0
289,SH.600362,江西铜业,0,0,0,o48rB0tHYGOfpB9_eqInFV1OX3h0
290,SH.600376,首开股份,0,0,0,o48rB0tHYGOfpB9_eqInFV1OX3h0
291,SH.600418,江淮汽车,0,0,0,o48rB0tHYGOfpB9_eqInFV1OX3h0
292,SH.600536,中国软件,0,0,0,o48rB0tHYGOfpB9_eqInFV1OX3h0
293,SH.600771,广誉远,0,0,0,o48rB0tHYGOfpB9_eqInFV1OX3h0
294,SH.600773,西藏城投,0,0,0,o48rB0tHYGOfpB9_eqInFV1OX3h0
295,SH.600848,上海临港,0,0,0,o48rB0tHYGOfpB9_eqInFV1OX3h0
296,SH.600343,航天动力,0,0,0,o48rB0tHYGOfpB9_eqInFV1OX3h0
297,SH.600584,长电科技,0,0,0,o48rB0tHYGOfpB9_eqInFV1OX3h0
298,SH.600015,华夏银行,0,0,0,o48rB0tHYGOfpB9_eqInFV1OX3h0
299,SZ.002036,联创电子,0,0,0,o48rB0tHYGOfpB9_eqInFV1OX3h0
300,SZ.002185,华天科技,0,0,0,o48rB0tHYGOfpB9_eqInFV1OX3h0
301,SH.601857,中国石油,0,0,0,o48rB0tHYGOfpB9_eqInFV1OX3h0
302,SZ.002415,海康威视,0,0,0,o48rB0tHYGOfpB9_eqInFV1OX3h0
303,SZ.002643,万润股份,0,0,0,o48rB0tHYGOfpB9_eqInFV1OX3h0
304,SZ.002508,老板电器,0,0,0,o48rB0tHYGOfpB9_eqInFV1OX3h0
305,SH.601992,金隅集团,0,0,0,o48rB0tHYGOfpB9_eqInFV1OX3h0
306,SZ.002583,海能达,0,0,0,o48rB0tHYGOfpB9_eqInFV1OX3h0
307,SH.601800,中国交建,0,0,0,o48rB0tHYGOfpB9_eqInFV1OX3h0
308,SH.603000,人民网,0,0,0,o48rB0tHYGOfpB9_eqInFV1OX3h0
309,SZ.002707,众信旅游,0,0,0,o48rB0tHYGOfpB9_eqInFV1OX3h0
310,SZ.002174,游族网络,0,0,0,o48rB0tHYGOfpB9_eqInFV1OX3h0
311,SZ.000400,许继电气,0,0,0,o48rB0tHYGOfpB9_eqInFV1OX3h0
312,SZ.000543,皖能电力,0,0,0,o48rB0tHYGOfpB9_eqInFV1OX3h0
313,SZ.000807,云铝股份,0,0,0,o48rB0tHYGOfpB9_eqInFV1OX3h0
314,SH.600297,广汇汽车,0,0,0,o48rB0tHYGOfpB9_eqInFV1OX3h0
315,SH.600337,美克家居,0,0,0,o48rB0tHYGOfpB9_eqInFV1OX3h0
316,SH.600642,申能股份,0,0,0,o48rB0tHYGOfpB9_eqInFV1OX3h0
317,SH.600699,均胜电子,0,0,0,o48rB0tHYGOfpB9_eqInFV1OX3h0
318,SH.600718,东软集团,0,0,0,o48rB0tHYGOfpB9_eqInFV1OX3h0
319,SH.600783,鲁信创投,0,0,0,o48rB0tHYGOfpB9_eqInFV1OX3h0
320,SH.600801,华新水泥,0,0,0,o48rB0tHYGOfpB9_eqInFV1OX3h0
321,SH.600808,马钢股份,0,0,0,o48rB0tHYGOfpB9_eqInFV1OX3h0
322,SH.600820,隧道股份,0,0,0,o48rB0tHYGOfpB9_eqInFV1OX3h0
323,SH.600460,士兰微,0,0,0,o48rB0tHYGOfpB9_eqInFV1OX3h0
324,SH.600271,航天信息,0,0,0,o48rB0tHYGOfpB9_eqInFV1OX3h0
325,SH.600406,国电南瑞,0,0,0,o48rB0tHYGOfpB9_eqInFV1OX3h0
326,SH.600572,康恩贝,0,0,0,o48rB0tHYGOfpB9_eqInFV1OX3h0
327,SZ.002153,石基信息,0,0,0,o48rB0tHYGOfpB9_eqInFV1OX3h0
328,SZ.002089,新海宜,0,0,0,o48rB0tHYGOfpB9_eqInFV1OX3h0
329,SZ.002221,东华能源,0,0,0,o48rB0tHYGOfpB9_eqInFV1OX3h0
330,SZ.002673,西部证券,0,0,0,o48rB0tHYGOfpB9_eqInFV1OX3h0
331,SZ.002269,美邦服饰,0,0,0,o48rB0tHYGOfpB9_eqInFV1OX3h0
332,SH.601801,皖新传媒,0,0,0,o48rB0tHYGOfpB9_eqInFV1OX3h0
333,SH.600958,东方证券,0,0,0,o48rB0tHYGOfpB9_eqInFV1OX3h0
334,SZ.002151,北斗星通,0,0,0,o48rB0tHYGOfpB9_eqInFV1OX3h0
335,SZ.000021,深科技,0,0,0,o48rB0tHYGOfpB9_eqInFV1OX3h0
336,SZ.000062,深圳华强,0,0,0,o48rB0tHYGOfpB9_eqInFV1OX3h0
337,SZ.000423,东阿阿胶,0,0,0,o48rB0tHYGOfpB9_eqInFV1OX3h0
338,SZ.000426,兴业矿业,0,0,0,o48rB0tHYGOfpB9_eqInFV1OX3h0
339,SZ.000776,广发证券,0,0,0,o48rB0tHYGOfpB9_eqInFV1OX3h0
340,SZ.000860,顺鑫农业,0,0,0,o48rB0tHYGOfpB9_eqInFV1OX3h0
341,SZ.000869,张裕A,0,0,0,o48rB0tHYGOfpB9_eqInFV1OX3h0
342,SH.600094,大名城,0,0,0,o48rB0tHYGOfpB9_eqInFV1OX3h0
343,SH.600100,同方股份,0,0,0,o48rB0tHYGOfpB9_eqInFV1OX3h0
344,SH.600104,上汽集团,0,0,0,o48rB0tHYGOfpB9_eqInFV1OX3h0
345,SH.600180,瑞茂通,0,0,0,o48rB0tHYGOfpB9_eqInFV1OX3h0
346,SH.600210,紫江企业,0,0,0,o48rB0tHYGOfpB9_eqInFV1OX3h0
347,SH.600280,中央商场,0,0,0,o48rB0tHYGOfpB9_eqInFV1OX3h0
348,SH.600466,蓝光发展,0,0,0,o48rB0tHYGOfpB9_eqInFV1OX3h0
349,SH.600604,市北高新,0,0,0,o48rB0tHYGOfpB9_eqInFV1OX3h0
350,SH.600663,陆家嘴,0,0,0,o48rB0tHYGOfpB9_eqInFV1OX3h0
351,SH.600745,闻泰科技,0,0,0,o48rB0tHYGOfpB9_eqInFV1OX3h0
352,SH.600755,厦门国贸,0,0,0,o48rB0tHYGOfpB9_eqInFV1OX3h0
353,SH.600797,浙大网新,0,0,0,o48rB0tHYGOfpB9_eqInFV1OX3h0
354,SH.600436,片仔癀,0,0,0,o48rB0tHYGOfpB9_eqInFV1OX3h0
355,SH.600489,中金黄金,0,0,0,o48rB0tHYGOfpB9_eqInFV1OX3h0
356,SH.600410,华胜天成,0,0,0,o48rB0tHYGOfpB9_eqInFV1OX3h0
357,SZ.002027,分众传媒,0,0,0,o48rB0tHYGOfpB9_eqInFV1OX3h0
358,SH.601318,中国平安,0,0,0,o48rB0tHYGOfpB9_eqInFV1OX3h0
359,SZ.002396,星网锐捷,0,0,0,o48rB0tHYGOfpB9_eqInFV1OX3h0
360,SH.601727,上海电气,0,0,0,o48rB0tHYGOfpB9_eqInFV1OX3h0
361,SZ.002292,奥飞娱乐,0,0,0,o48rB0tHYGOfpB9_eqInFV1OX3h0
362,SZ.002429,兆驰股份,0,0,0,o48rB0tHYGOfpB9_eqInFV1OX3h0
363,SH.601777,力帆股份,0,0,0,o48rB0tHYGOfpB9_eqInFV1OX3h0
364,SZ.002555,三七互娱,0,0,0,o48rB0tHYGOfpB9_eqInFV1OX3h0
365,SH.601258,庞大集团,0,0,0,o48rB0tHYGOfpB9_eqInFV1OX3h0
366,SZ.002155,湖南黄金,0,0,0,o48rB0tHYGOfpB9_eqInFV1OX3h0
367,SH.601016,节能风电,0,0,0,o48rB0tHYGOfpB9_eqInFV1OX3h0
368,SH.601689,拓普集团,0,0,0,o48rB0tHYGOfpB9_eqInFV1OX3h0
369,SH.603888,新华网,0,0,0,o48rB0tHYGOfpB9_eqInFV1OX3h0
370,SZ.000012,南玻A,0,0,0,o48rB0tHYGOfpB9_eqInFV1OX3h0
371,SZ.000088,盐田港,0,0,0,o48rB0tHYGOfpB9_eqInFV1OX3h0
372,SZ.000157,中联重科,0,0,0,o48rB0tHYGOfpB9_eqInFV1OX3h0
373,SZ.000501,鄂武商,0,0,0,o48rB0tHYGOfpB9_eqInFV1OX3h0
374,SZ.000937,冀中能源,0,0,0,o48rB0tHYGOfpB9_eqInFV1OX3h0
375,SZ.000983,西山煤电,0,0,0,o48rB0tHYGOfpB9_eqInFV1OX3h0
376,SH.600072,中船科技,0,0,0,o48rB0tHYGOfpB9_eqInFV1OX3h0
377,SH.600153,建发股份,0,0,0,o48rB0tHYGOfpB9_eqInFV1OX3h0
378,SH.600172,黄河旋风,0,0,0,o48rB0tHYGOfpB9_eqInFV1OX3h0
379,SH.600256,广汇能源,0,0,0,o48rB0tHYGOfpB9_eqInFV1OX3h0
380,SH.600260,凯乐科技,0,0,0,o48rB0tHYGOfpB9_eqInFV1OX3h0
381,SH.600307,酒钢宏兴,0,0,0,o48rB0tHYGOfpB9_eqInFV1OX3h0
382,SH.600395,盘江股份,0,0,0,o48rB0tHYGOfpB9_eqInFV1OX3h0
383,SH.600639,浦东金桥,0,0,0,o48rB0tHYGOfpB9_eqInFV1OX3h0
384,SH.600703,三安光电,0,0,0,o48rB0tHYGOfpB9_eqInFV1OX3h0
385,SH.600795,国电电力,0,0,0,o48rB0tHYGOfpB9_eqInFV1OX3h0
386,SH.600812,华北制药,0,0,0,o48rB0tHYGOfpB9_eqInFV1OX3h0
387,SH.600863,内蒙华电,0,0,0,o48rB0tHYGOfpB9_eqInFV1OX3h0
388,SH.600595,中孚实业,0,0,0,o48rB0tHYGOfpB9_eqInFV1OX3h0
389,SH.600516,方大炭素,0,0,0,o48rB0tHYGOfpB9_eqInFV1OX3h0
390,SZ.002001,新和成,0,0,0,o48rB0tHYGOfpB9_eqInFV1OX3h0
391,SZ.002013,中航机电,0,0,0,o48rB0tHYGOfpB9_eqInFV1OX3h0
392,SH.601628,中国人寿,0,0,0,o48rB0tHYGOfpB9_eqInFV1OX3h0
393,SZ.002797,第一创业,0,0,0,o48rB0tHYGOfpB9_eqInFV1OX3h0
394,SZ.002268,卫士通,0,0,0,o48rB0tHYGOfpB9_eqInFV1OX3h0
395,SH.601618,中国中冶,0,0,0,o48rB0tHYGOfpB9_eqInFV1OX3h0
396,SZ.002482,广田集团,0,0,0,o48rB0tHYGOfpB9_eqInFV1OX3h0
397,SZ.002670,国盛金控,0,0,0,o48rB0tHYGOfpB9_eqInFV1OX3h0
398,SH.603288,海天味业,0,0,0,o48rB0tHYGOfpB9_eqInFV1OX3h0
399,SH.603111,康尼机电,0,0,0,o48rB0tHYGOfpB9_eqInFV1OX3h0
400,SZ.002176,江特电机,0,0,0,o48rB0tHYGOfpB9_eqInFV1OX3h0
401,SH.603369,今世缘,0,0,0,o48rB0tHYGOfpB9_eqInFV1OX3h0
402,SH.603188,亚邦股份,0,0,0,o48rB0tHYGOfpB9_eqInFV1OX3h0
403,SH.601127,小康股份,0,0,0,o48rB0tHYGOfpB9_eqInFV1OX3h0
404,SZ.000060,中金岭南,0,0,0,o48rB0tHYGOfpB9_eqInFV1OX3h0
405,SZ.000065,北方国际,0,0,0,o48rB0tHYGOfpB9_eqInFV1OX3h0
406,SZ.000563,陕国投,0,0,0,o48rB0tHYGOfpB9_eqInFV1OX3h0
407,SZ.000661,长春高新,0,0,0,o48rB0tHYGOfpB9_eqInFV1OX3h0
408,SZ.000712,锦龙股份,0,0,0,o48rB0tHYGOfpB9_eqInFV1OX3h0
409,SZ.000728,国元证券,0,0,0,o48rB0tHYGOfpB9_eqInFV1OX3h0
410,SZ.000901,航天科技,0,0,0,o48rB0tHYGOfpB9_eqInFV1OX3h0
411,SZ.000969,安泰科技,0,0,0,o48rB0tHYGOfpB9_eqInFV1OX3h0
412,SH.600115,东方航空,0,0,0,o48rB0tHYGOfpB9_eqInFV1OX3h0
413,SH.600200,江苏吴中,0,0,0,o48rB0tHYGOfpB9_eqInFV1OX3h0
414,SH.600331,宏达股份,0,0,0,o48rB0tHYGOfpB9_eqInFV1OX3h0
415,SH.600498,烽火通信,0,0,0,o48rB0tHYGOfpB9_eqInFV1OX3h0
416,SH.600737,中粮糖业,0,0,0,o48rB0tHYGOfpB9_eqInFV1OX3h0
417,SH.600827,百联股份,0,0,0,o48rB0tHYGOfpB9_eqInFV1OX3h0
418,SH.600837,海通证券,0,0,0,o48rB0tHYGOfpB9_eqInFV1OX3h0
419,SH.600545,卓郎智能,0,0,0,o48rB0tHYGOfpB9_eqInFV1OX3h0
420,SH.601166,兴业银行,0,0,0,o48rB0tHYGOfpB9_eqInFV1OX3h0
421,SH.601998,中信银行,0,0,0,o48rB0tHYGOfpB9_eqInFV1OX3h0
422,SH.601168,西部矿业,0,0,0,o48rB0tHYGOfpB9_eqInFV1OX3h0
423,SH.601186,中国铁建,0,0,0,o48rB0tHYGOfpB9_eqInFV1OX3h0
424,SZ.002251,步步高,0,0,0,o48rB0tHYGOfpB9_eqInFV1OX3h0
425,SH.600909,华安证券,0,0,0,o48rB0tHYGOfpB9_eqInFV1OX3h0
426,SZ.002368,太极股份,0,0,0,o48rB0tHYGOfpB9_eqInFV1OX3h0
427,SH.601718,际华集团,0,0,0,o48rB0tHYGOfpB9_eqInFV1OX3h0
428,SZ.002505,大康农业,0,0,0,o48rB0tHYGOfpB9_eqInFV1OX3h0
429,SZ.002522,浙江众成,0,0,0,o48rB0tHYGOfpB9_eqInFV1OX3h0
430,SZ.002563,森马服饰,0,0,0,o48rB0tHYGOfpB9_eqInFV1OX3h0
431,SZ.002572,索菲亚,0,0,0,o48rB0tHYGOfpB9_eqInFV1OX3h0
432,SH.603799,华友钴业,0,0,0,o48rB0tHYGOfpB9_eqInFV1OX3h0
433,SZ.000600,建投能源,0,0,0,o48rB0tHYGOfpB9_eqInFV1OX3h0
434,SZ.000671,阳光城,0,0,0,o48rB0tHYGOfpB9_eqInFV1OX3h0
435,SZ.000997,新大陆,0,0,0,o48rB0tHYGOfpB9_eqInFV1OX3h0
436,SH.600000,浦发银行,0,0,0,o48rB0tHYGOfpB9_eqInFV1OX3h0
437,SH.600158,中体产业,0,0,0,o48rB0tHYGOfpB9_eqInFV1OX3h0
438,SH.600267,海正药业,0,0,0,o48rB0tHYGOfpB9_eqInFV1OX3h0
439,SH.600383,金地集团,0,0,0,o48rB0tHYGOfpB9_eqInFV1OX3h0
440,SH.600622,光大嘉宝,0,0,0,o48rB0tHYGOfpB9_eqInFV1OX3h0
441,SH.600687,刚泰控股,0,0,0,o48rB0tHYGOfpB9_eqInFV1OX3h0
442,SH.600694,大商股份,0,0,0,o48rB0tHYGOfpB9_eqInFV1OX3h0
443,SH.600736,苏州高新,0,0,0,o48rB0tHYGOfpB9_eqInFV1OX3h0
444,SH.600750,江中药业,0,0,0,o48rB0tHYGOfpB9_eqInFV1OX3h0
445,SH.600859,王府井,0,0,0,o48rB0tHYGOfpB9_eqInFV1OX3h0
446,SH.600885,宏发股份,0,0,0,o48rB0tHYGOfpB9_eqInFV1OX3h0
447,SH.600565,迪马股份,0,0,0,o48rB0tHYGOfpB9_eqInFV1OX3h0
448,SH.600458,时代新材,0,0,0,o48rB0tHYGOfpB9_eqInFV1OX3h0
449,SH.600490,鹏欣资源,0,0,0,o48rB0tHYGOfpB9_eqInFV1OX3h0
450,SH.600900,长江电力,0,0,0,o48rB0tHYGOfpB9_eqInFV1OX3h0
451,SZ.002008,大族激光,0,0,0,o48rB0tHYGOfpB9_eqInFV1OX3h0
452,SZ.002019,亿帆医药,0,0,0,o48rB0tHYGOfpB9_eqInFV1OX3h0
453,SZ.002095,生意宝,0,0,0,o48rB0tHYGOfpB9_eqInFV1OX3h0
454,SZ.002123,梦网集团,0,0,0,o48rB0tHYGOfpB9_eqInFV1OX3h0
455,SZ.002203,海亮股份,0,0,0,o48rB0tHYGOfpB9_eqInFV1OX3h0
456,SH.601601,中国太保,0,0,0,o48rB0tHYGOfpB9_eqInFV1OX3h0
457,SH.601898,中煤能源,0,0,0,o48rB0tHYGOfpB9_eqInFV1OX3h0
458,SH.601766,中国中车,0,0,0,o48rB0tHYGOfpB9_eqInFV1OX3h0
459,SZ.002444,巨星科技,0,0,0,o48rB0tHYGOfpB9_eqInFV1OX3h0
460,SH.601098,中南传媒,0,0,0,o48rB0tHYGOfpB9_eqInFV1OX3h0
461,SH.601011,宝泰隆,0,0,0,o48rB0tHYGOfpB9_eqInFV1OX3h0
462,SZ.002156,通富微电,0,0,0,o48rB0tHYGOfpB9_eqInFV1OX3h0
463,SH.601238,广汽集团,0,0,0,o48rB0tHYGOfpB9_eqInFV1OX3h0
464,SZ.000090,天健集团,0,0,0,o48rB0tHYGOfpB9_eqInFV1OX3h0
465,SZ.000596,古井贡酒,0,0,0,o48rB0tHYGOfpB9_eqInFV1OX3h0
466,SZ.000625,长安汽车,0,0,0,o48rB0tHYGOfpB9_eqInFV1OX3h0
467,SZ.000725,京东方,0,0,0,o48rB0tHYGOfpB9_eqInFV1OX3h0
468,SZ.000786,北新建材,0,0,0,o48rB0tHYGOfpB9_eqInFV1OX3h0
469,SZ.000800,一汽轿车,0,0,0,o48rB0tHYGOfpB9_eqInFV1OX3h0
470,SZ.000881,中广核技,0,0,0,o48rB0tHYGOfpB9_eqInFV1OX3h0
471,SH.600166,福田汽车,0,0,0,o48rB0tHYGOfpB9_eqInFV1OX3h0
472,SH.600179,安通控股,0,0,0,o48rB0tHYGOfpB9_eqInFV1OX3h0
474,SH.600422,昆药集团,0,0,0,o48rB0tHYGOfpB9_eqInFV1OX3h0
475,SH.600585,海螺水泥,0,0,0,o48rB0tHYGOfpB9_eqInFV1OX3h0
476,SH.600649,城投控股,0,0,0,o48rB0tHYGOfpB9_eqInFV1OX3h0
477,SH.600875,东方电气,0,0,0,o48rB0tHYGOfpB9_eqInFV1OX3h0
478,SH.600050,中国联通,0,0,0,o48rB0tHYGOfpB9_eqInFV1OX3h0
479,SH.600549,厦门钨业,0,0,0,o48rB0tHYGOfpB9_eqInFV1OX3h0
480,SZ.002024,苏宁易购,0,0,0,o48rB0tHYGOfpB9_eqInFV1OX3h0
481,SH.600970,中材国际,0,0,0,o48rB0tHYGOfpB9_eqInFV1OX3h0
482,SZ.002051,中工国际,0,0,0,o48rB0tHYGOfpB9_eqInFV1OX3h0
483,SZ.002056,横店东磁,0,0,0,o48rB0tHYGOfpB9_eqInFV1OX3h0
484,SH.601666,平煤股份,0,0,0,o48rB0tHYGOfpB9_eqInFV1OX3h0
485,SH.601398,工商银行,0,0,0,o48rB0tHYGOfpB9_eqInFV1OX3h0
486,SH.601333,广深铁路,0,0,0,o48rB0tHYGOfpB9_eqInFV1OX3h0
487,SZ.002127,南极电商,0,0,0,o48rB0tHYGOfpB9_eqInFV1OX3h0
488,SZ.002237,恒邦股份,0,0,0,o48rB0tHYGOfpB9_eqInFV1OX3h0
489,SZ.002276,万马股份,0,0,0,o48rB0tHYGOfpB9_eqInFV1OX3h0
490,SZ.002340,格林美,0,0,0,o48rB0tHYGOfpB9_eqInFV1OX3h0
491,SZ.002421,达实智能,0,0,0,o48rB0tHYGOfpB9_eqInFV1OX3h0
492,SZ.002399,海普瑞,0,0,0,o48rB0tHYGOfpB9_eqInFV1OX3h0
493,SZ.002422,科伦药业,0,0,0,o48rB0tHYGOfpB9_eqInFV1OX3h0
494,SZ.002434,万里扬,0,0,0,o48rB0tHYGOfpB9_eqInFV1OX3h0
495,SZ.002517,恺英网络,0,0,0,o48rB0tHYGOfpB9_eqInFV1OX3h0
496,SZ.002573,清新环境,0,0,0,o48rB0tHYGOfpB9_eqInFV1OX3h0
497,SZ.000333,美的集团,0,0,0,o48rB0tHYGOfpB9_eqInFV1OX3h0
498,SZ.000001,平安银行,0,0,0,o48rB0tHYGOfpB9_eqInFV1OX3h0
499,SZ.000066,中国长城,0,0,0,o48rB0tHYGOfpB9_eqInFV1OX3h0
500,SZ.000792,盐湖股份,0,0,0,o48rB0tHYGOfpB9_eqInFV1OX3h0
501,SZ.000933,神火股份,0,0,0,o48rB0tHYGOfpB9_eqInFV1OX3h0
502,SH.600058,五矿发展,0,0,0,o48rB0tHYGOfpB9_eqInFV1OX3h0
503,SH.600061,国投资本,0,0,0,o48rB0tHYGOfpB9_eqInFV1OX3h0
504,SH.600067,冠城大通,0,0,0,o48rB0tHYGOfpB9_eqInFV1OX3h0
505,SH.600230,沧州大化,0,0,0,o48rB0tHYGOfpB9_eqInFV1OX3h0
506,SH.600240,华业资本,0,0,0,o48rB0tHYGOfpB9_eqInFV1OX3h0
507,SH.600633,浙数文化,0,0,0,o48rB0tHYGOfpB9_eqInFV1OX3h0
508,SH.600816,安信信托,0,0,0,o48rB0tHYGOfpB9_eqInFV1OX3h0
509,SZ.002011,盾安环境,0,0,0,o48rB0tHYGOfpB9_eqInFV1OX3h0
510,SZ.002091,江苏国泰,0,0,0,o48rB0tHYGOfpB9_eqInFV1OX3h0
511,SZ.002131,利欧股份,0,0,0,o48rB0tHYGOfpB9_eqInFV1OX3h0
512,SZ.002261,拓维信息,0,0,0,o48rB0tHYGOfpB9_eqInFV1OX3h0
513,SH.601099,太平洋,0,0,0,o48rB0tHYGOfpB9_eqInFV1OX3h0
514,SH.601717,郑煤机,0,0,0,o48rB0tHYGOfpB9_eqInFV1OX3h0
515,SZ.002595,豪迈科技,0,0,0,o48rB0tHYGOfpB9_eqInFV1OX3h0
516,SZ.002498,汉缆股份,0,0,0,o48rB0tHYGOfpB9_eqInFV1OX3h0
517,SH.601555,东吴证券,0,0,0,o48rB0tHYGOfpB9_eqInFV1OX3h0
518,SZ.002281,光迅科技,0,0,0,o48rB0tHYGOfpB9_eqInFV1OX3h0
519,SH.600936,广西广电,0,0,0,o48rB0tHYGOfpB9_eqInFV1OX3h0
520,SH.603678,火炬电子,0,0,0,o48rB0tHYGOfpB9_eqInFV1OX3h0
521,SH.601200,上海环境,0,0,0,o48rB0tHYGOfpB9_eqInFV1OX3h0
522,SZ.000040,东旭蓝天,0,0,0,o48rB0tHYGOfpB9_eqInFV1OX3h0
523,SZ.000050,深天马,0,0,0,o48rB0tHYGOfpB9_eqInFV1OX3h0
524,SZ.000883,湖北能源,0,0,0,o48rB0tHYGOfpB9_eqInFV1OX3h0
525,SZ.000895,双汇发展,0,0,0,o48rB0tHYGOfpB9_eqInFV1OX3h0
526,SH.600009,上海机场,0,0,0,o48rB0tHYGOfpB9_eqInFV1OX3h0
527,SH.600016,民生银行,0,0,0,o48rB0tHYGOfpB9_eqInFV1OX3h0
528,SH.600033,福建高速,0,0,0,o48rB0tHYGOfpB9_eqInFV1OX3h0
529,SH.600038,中直股份,0,0,0,o48rB0tHYGOfpB9_eqInFV1OX3h0
530,SH.600053,九鼎投资,0,0,0,o48rB0tHYGOfpB9_eqInFV1OX3h0
531,SH.600066,宇通客车,0,0,0,o48rB0tHYGOfpB9_eqInFV1OX3h0
532,SH.600122,宏图高科,0,0,0,o48rB0tHYGOfpB9_eqInFV1OX3h0
533,SH.600155,宝硕股份,0,0,0,o48rB0tHYGOfpB9_eqInFV1OX3h0
534,SH.600323,瀚蓝环境,0,0,0,o48rB0tHYGOfpB9_eqInFV1OX3h0
535,SH.600338,西藏珠峰,0,0,0,o48rB0tHYGOfpB9_eqInFV1OX3h0
536,SH.600415,小商品城,0,0,0,o48rB0tHYGOfpB9_eqInFV1OX3h0
537,SH.600660,福耀玻璃,0,0,0,o48rB0tHYGOfpB9_eqInFV1OX3h0
538,SH.600748,上实发展,0,0,0,o48rB0tHYGOfpB9_eqInFV1OX3h0
539,SH.600754,锦江股份,0,0,0,o48rB0tHYGOfpB9_eqInFV1OX3h0
540,SH.600757,长江传媒,0,0,0,o48rB0tHYGOfpB9_eqInFV1OX3h0
541,SH.600851,海欣股份,0,0,0,o48rB0tHYGOfpB9_eqInFV1OX3h0
542,SH.600873,梅花生物,0,0,0,o48rB0tHYGOfpB9_eqInFV1OX3h0
543,SH.600503,华丽家族,0,0,0,o48rB0tHYGOfpB9_eqInFV1OX3h0
544,SH.600478,科力远,0,0,0,o48rB0tHYGOfpB9_eqInFV1OX3h0
545,SZ.002049,紫光国微,0,0,0,o48rB0tHYGOfpB9_eqInFV1OX3h0
546,SH.601588,北辰实业,0,0,0,o48rB0tHYGOfpB9_eqInFV1OX3h0
547,SH.600017,日照港,0,0,0,o48rB0tHYGOfpB9_eqInFV1OX3h0
548,SZ.002152,广电运通,0,0,0,o48rB0tHYGOfpB9_eqInFV1OX3h0
549,SZ.002304,洋河股份,0,0,0,o48rB0tHYGOfpB9_eqInFV1OX3h0
550,SZ.002236,大华股份,0,0,0,o48rB0tHYGOfpB9_eqInFV1OX3h0
551,SZ.002299,圣农发展,0,0,0,o48rB0tHYGOfpB9_eqInFV1OX3h0
552,SZ.002405,四维图新,0,0,0,o48rB0tHYGOfpB9_eqInFV1OX3h0
553,SZ.002503,搜于特,0,0,0,o48rB0tHYGOfpB9_eqInFV1OX3h0
554,SZ.002581,未名医药,0,0,0,o48rB0tHYGOfpB9_eqInFV1OX3h0
555,SH.601311,骆驼股份,0,0,0,o48rB0tHYGOfpB9_eqInFV1OX3h0
556,SZ.002603,以岭药业,0,0,0,o48rB0tHYGOfpB9_eqInFV1OX3h0
557,SZ.002665,首航节能,0,0,0,o48rB0tHYGOfpB9_eqInFV1OX3h0
558,SZ.002680,长生生物,0,0,0,o48rB0tHYGOfpB9_eqInFV1OX3h0
559,SZ.000402,金融街,0,0,0,o48rB0tHYGOfpB9_eqInFV1OX3h0
560,SZ.000528,柳工a,0,0,0,o48rB0tHYGOfpB9_eqInFV1OX3h0
561,SZ.000587,金洲慈航,0,0,0,o48rB0tHYGOfpB9_eqInFV1OX3h0
562,SZ.000615,京汉股份,0,0,0,o48rB0tHYGOfpB9_eqInFV1OX3h0
563,SZ.000651,格力电器,0,0,0,o48rB0tHYGOfpB9_eqInFV1OX3h0
564,SZ.000656,金科股份,0,0,0,o48rB0tHYGOfpB9_eqInFV1OX3h0
565,SZ.000830,鲁西化工,0,0,0,o48rB0tHYGOfpB9_eqInFV1OX3h0
566,SZ.000878,云南铜业,0,0,0,o48rB0tHYGOfpB9_eqInFV1OX3h0
567,SZ.000938,紫光股份,0,0,0,o48rB0tHYGOfpB9_eqInFV1OX3h0
568,SZ.000989,九芝堂,0,0,0,o48rB0tHYGOfpB9_eqInFV1OX3h0
569,SH.600073,上海梅林,0,0,0,o48rB0tHYGOfpB9_eqInFV1OX3h0
570,SH.600089,特变电工,0,0,0,o48rB0tHYGOfpB9_eqInFV1OX3h0
571,SH.600320,振华重工,0,0,0,o48rB0tHYGOfpB9_eqInFV1OX3h0
572,SH.600329,中新药业,0,0,0,o48rB0tHYGOfpB9_eqInFV1OX3h0
573,SH.600373,中文传媒,0,0,0,o48rB0tHYGOfpB9_eqInFV1OX3h0
574,SH.600567,山鹰纸业,0,0,0,o48rB0tHYGOfpB9_eqInFV1OX3h0
575,SH.600704,物产中大,0,0,0,o48rB0tHYGOfpB9_eqInFV1OX3h0
576,SH.600717,天津港,0,0,0,o48rB0tHYGOfpB9_eqInFV1OX3h0
577,SH.600729,重庆百货,0,0,0,o48rB0tHYGOfpB9_eqInFV1OX3h0
578,SH.600759,洲际油气,0,0,0,o48rB0tHYGOfpB9_eqInFV1OX3h0
579,SH.600782,新钢股份,0,0,0,o48rB0tHYGOfpB9_eqInFV1OX3h0
580,SH.600039,四川路桥,0,0,0,o48rB0tHYGOfpB9_eqInFV1OX3h0
581,SH.600547,山东黄金,0,0,0,o48rB0tHYGOfpB9_eqInFV1OX3h0
582,SH.600517,置信电气,0,0,0,o48rB0tHYGOfpB9_eqInFV1OX3h0
583,SH.600594,益佰制药,0,0,0,o48rB0tHYGOfpB9_eqInFV1OX3h0
584,SZ.002002,鸿达兴业,0,0,0,o48rB0tHYGOfpB9_eqInFV1OX3h0
585,SZ.002022,科华生物,0,0,0,o48rB0tHYGOfpB9_eqInFV1OX3h0
586,SZ.002044,美年健康,0,0,0,o48rB0tHYGOfpB9_eqInFV1OX3h0
587,SZ.002081,金螳螂,0,0,0,o48rB0tHYGOfpB9_eqInFV1OX3h0
588,SH.601888,中国国旅,0,0,0,o48rB0tHYGOfpB9_eqInFV1OX3h0
589,SZ.002311,海大集团,0,0,0,o48rB0tHYGOfpB9_eqInFV1OX3h0
590,SZ.002375,亚厦股份,0,0,0,o48rB0tHYGOfpB9_eqInFV1OX3h0
591,SZ.002400,省广集团,0,0,0,o48rB0tHYGOfpB9_eqInFV1OX3h0
592,SZ.002418,康盛股份,0,0,0,o48rB0tHYGOfpB9_eqInFV1OX3h0
593,SH.601000,唐山港,0,0,0,o48rB0tHYGOfpB9_eqInFV1OX3h0
594,SZ.002542,中化岩土,0,0,0,o48rB0tHYGOfpB9_eqInFV1OX3h0
595,SZ.002663,普邦股份,0,0,0,o48rB0tHYGOfpB9_eqInFV1OX3h0
596,SH.603077,和邦生物,0,0,0,o48rB0tHYGOfpB9_eqInFV1OX3h0
597,SH.603766,隆鑫通用,0,0,0,o48rB0tHYGOfpB9_eqInFV1OX3h0
598,SZ.000016,深康佳,0,0,0,o48rB0tHYGOfpB9_eqInFV1OX3h0
599,SZ.000559,万向钱潮,0,0,0,o48rB0tHYGOfpB9_eqInFV1OX3h0
600,SZ.000662,天夏智慧,0,0,0,o48rB0tHYGOfpB9_eqInFV1OX3h0
601,SZ.000709,河钢股份,0,0,0,o48rB0tHYGOfpB9_eqInFV1OX3h0
602,SZ.000768,中航飞机,0,0,0,o48rB0tHYGOfpB9_eqInFV1OX3h0
603,SZ.000858,五粮液,0,0,0,o48rB0tHYGOfpB9_eqInFV1OX3h0
604,SZ.000902,新洋丰,0,0,0,o48rB0tHYGOfpB9_eqInFV1OX3h0
605,SH.600098,广州发展,0,0,0,o48rB0tHYGOfpB9_eqInFV1OX3h0
606,SH.600109,国金证券,0,0,0,o48rB0tHYGOfpB9_eqInFV1OX3h0
607,SH.600208,新湖中宝,0,0,0,o48rB0tHYGOfpB9_eqInFV1OX3h0
608,SH.600219,南山铝业,0,0,0,o48rB0tHYGOfpB9_eqInFV1OX3h0
609,SH.600635,大众公用,0,0,0,o48rB0tHYGOfpB9_eqInFV1OX3h0
610,SH.600770,综艺股份,0,0,0,o48rB0tHYGOfpB9_eqInFV1OX3h0
611,SZ.000875,吉电股份,0,0,0,o48rB0tHYGOfpB9_eqInFV1OX3h0
612,SH.600020,中原高速,0,0,0,o48rB0tHYGOfpB9_eqInFV1OX3h0
613,SZ.002035,华帝股份,0,0,0,o48rB0tHYGOfpB9_eqInFV1OX3h0
614,SZ.002093,国脉科技,0,0,0,o48rB0tHYGOfpB9_eqInFV1OX3h0
615,SH.601899,紫金矿业,0,0,0,o48rB0tHYGOfpB9_eqInFV1OX3h0
616,SZ.002241,歌尔股份,0,0,0,o48rB0tHYGOfpB9_eqInFV1OX3h0
617,SZ.002389,南洋科技,0,0,0,o48rB0tHYGOfpB9_eqInFV1OX3h0
618,SZ.002408,齐翔腾达,0,0,0,o48rB0tHYGOfpB9_eqInFV1OX3h0
619,SZ.002736,国信证券,0,0,0,o48rB0tHYGOfpB9_eqInFV1OX3h0
620,SZ.002558,巨人网络,0,0,0,o48rB0tHYGOfpB9_eqInFV1OX3h0
621,SH.601225,陕西煤业,0,0,0,o48rB0tHYGOfpB9_eqInFV1OX3h0
622,SZ.002636,金安国纪,0,0,0,o48rB0tHYGOfpB9_eqInFV1OX3h0
623,SH.601155,新城控股,0,0,0,o48rB0tHYGOfpB9_eqInFV1OX3h0
624,SZ.000009,中国宝安,0,0,0,o48rB0tHYGOfpB9_eqInFV1OX3h0
625,SZ.000028,国药一致,0,0,0,o48rB0tHYGOfpB9_eqInFV1OX3h0
626,SZ.000078,海王生物,0,0,0,o48rB0tHYGOfpB9_eqInFV1OX3h0
627,SZ.000488,晨鸣纸业,0,0,0,o48rB0tHYGOfpB9_eqInFV1OX3h0
628,SZ.000513,丽珠集团,0,0,0,o48rB0tHYGOfpB9_eqInFV1OX3h0
629,SZ.000538,云南白药,0,0,0,o48rB0tHYGOfpB9_eqInFV1OX3h0
630,SZ.000935,四川双马,0,0,0,o48rB0tHYGOfpB9_eqInFV1OX3h0
631,SZ.000960,锡业股份,0,0,0,o48rB0tHYGOfpB9_eqInFV1OX3h0
632,SH.600056,中国医药,0,0,0,o48rB0tHYGOfpB9_eqInFV1OX3h0
633,SH.600151,航天机电,0,0,0,o48rB0tHYGOfpB9_eqInFV1OX3h0
634,SH.600393,粤泰股份,0,0,0,o48rB0tHYGOfpB9_eqInFV1OX3h0
635,SH.600637,东方明珠,0,0,0,o48rB0tHYGOfpB9_eqInFV1OX3h0
636,SH.600702,舍得酒业,0,0,0,o48rB0tHYGOfpB9_eqInFV1OX3h0
637,SH.600811,东方集团,0,0,0,o48rB0tHYGOfpB9_eqInFV1OX3h0
638,SH.600862,中航高科,0,0,0,o48rB0tHYGOfpB9_eqInFV1OX3h0
639,SH.600426,华鲁恒升,0,0,0,o48rB0tHYGOfpB9_eqInFV1OX3h0
640,SH.600597,光明乳业,0,0,0,o48rB0tHYGOfpB9_eqInFV1OX3h0
641,SH.600557,康缘药业,0,0,0,o48rB0tHYGOfpB9_eqInFV1OX3h0
642,SH.600352,浙江龙盛,0,0,0,o48rB0tHYGOfpB9_eqInFV1OX3h0
643,SH.600325,华发股份,0,0,0,o48rB0tHYGOfpB9_eqInFV1OX3h0
644,SH.600420,现代制药,0,0,0,o48rB0tHYGOfpB9_eqInFV1OX3h0
645,SZ.002466,天齐锂业,0,0,0,o48rB0tHYGOfpB9_eqInFV1OX3h0
646,SH.601018,宁波港,0,0,0,o48rB0tHYGOfpB9_eqInFV1OX3h0
647,SZ.002479,富春环保,0,0,0,o48rB0tHYGOfpB9_eqInFV1OX3h0
648,SH.600998,九州通,0,0,0,o48rB0tHYGOfpB9_eqInFV1OX3h0
649,SZ.002602,世纪华通,0,0,0,o48rB0tHYGOfpB9_eqInFV1OX3h0
650,SZ.002179,中航光电,0,0,0,o48rB0tHYGOfpB9_eqInFV1OX3h0
651,SH.603589,口子窖,0,0,0,o48rB0tHYGOfpB9_eqInFV1OX3h0
652,SZ.000059,华锦股份,0,0,0,o48rB0tHYGOfpB9_eqInFV1OX3h0
653,SZ.000150,宜华健康,0,0,0,o48rB0tHYGOfpB9_eqInFV1OX3h0
654,SZ.000581,威孚高科,0,0,0,o48rB0tHYGOfpB9_eqInFV1OX3h0
655,SZ.000727,华东科技,0,0,0,o48rB0tHYGOfpB9_eqInFV1OX3h0
656,SZ.000848,承德露露,0,0,0,o48rB0tHYGOfpB9_eqInFV1OX3h0
657,SZ.000882,华联股份,0,0,0,o48rB0tHYGOfpB9_eqInFV1OX3h0
658,SH.600111,北方稀土,0,0,0,o48rB0tHYGOfpB9_eqInFV1OX3h0
659,SH.600120,浙江东方,0,0,0,o48rB0tHYGOfpB9_eqInFV1OX3h0
660,SH.600177,雅戈尔,0,0,0,o48rB0tHYGOfpB9_eqInFV1OX3h0
661,SH.600201,生物股份,0,0,0,o48rB0tHYGOfpB9_eqInFV1OX3h0
662,SH.600667,太极实业,0,0,0,o48rB0tHYGOfpB9_eqInFV1OX3h0
663,SH.600779,水井坊,0,0,0,o48rB0tHYGOfpB9_eqInFV1OX3h0
664,SH.600446,金证股份,0,0,0,o48rB0tHYGOfpB9_eqInFV1OX3h0
665,SH.600143,金发科技,0,0,0,o48rB0tHYGOfpB9_eqInFV1OX3h0
666,SZ.002025,航天电器,0,0,0,o48rB0tHYGOfpB9_eqInFV1OX3h0
667,SZ.002065,东华软件,0,0,0,o48rB0tHYGOfpB9_eqInFV1OX3h0
668,SZ.002108,沧州明珠,0,0,0,o48rB0tHYGOfpB9_eqInFV1OX3h0
669,SZ.002250,联化科技,0,0,0,o48rB0tHYGOfpB9_eqInFV1OX3h0
670,SZ.002128,露天煤业,0,0,0,o48rB0tHYGOfpB9_eqInFV1OX3h0
671,SH.601919,中远海控,0,0,0,o48rB0tHYGOfpB9_eqInFV1OX3h0
672,SH.601009,南京银行,0,0,0,o48rB0tHYGOfpB9_eqInFV1OX3h0
673,SH.600999,招商证券,0,0,0,o48rB0tHYGOfpB9_eqInFV1OX3h0
674,SZ.002493,荣盛石化,0,0,0,o48rB0tHYGOfpB9_eqInFV1OX3h0
675,SZ.002714,牧原股份,0,0,0,o48rB0tHYGOfpB9_eqInFV1OX3h0
676,SZ.002721,金一文化,0,0,0,o48rB0tHYGOfpB9_eqInFV1OX3h0
677,SH.601966,玲珑轮胎,0,0,0,o48rB0tHYGOfpB9_eqInFV1OX3h0
678,SH.603858,步长制药,0,0,0,o48rB0tHYGOfpB9_eqInFV1OX3h0
679,SZ.001979,招商蛇口,0,0,0,o48rB0tHYGOfpB9_eqInFV1OX3h0
680,SZ.000158,常山北明,0,0,0,o48rB0tHYGOfpB9_eqInFV1OX3h0
681,SZ.000977,浪潮信息,0,0,0,o48rB0tHYGOfpB9_eqInFV1OX3h0
682,SZ.000999,华润三九,0,0,0,o48rB0tHYGOfpB9_eqInFV1OX3h0
683,SH.600161,天坛生物,0,0,0,o48rB0tHYGOfpB9_eqInFV1OX3h0
684,SH.600266,北京城建,0,0,0,o48rB0tHYGOfpB9_eqInFV1OX3h0
685,SH.600566,济川药业,0,0,0,o48rB0tHYGOfpB9_eqInFV1OX3h0
686,SH.600600,青岛啤酒,0,0,0,o48rB0tHYGOfpB9_eqInFV1OX3h0
687,SH.600690,青岛海尔,0,0,0,o48rB0tHYGOfpB9_eqInFV1OX3h0
688,SH.600867,通化东宝,0,0,0,o48rB0tHYGOfpB9_eqInFV1OX3h0
689,SH.600887,伊利股份,0,0,0,o48rB0tHYGOfpB9_eqInFV1OX3h0
690,SH.600895,张江高科,0,0,0,o48rB0tHYGOfpB9_eqInFV1OX3h0
691,SH.600580,卧龙电气,0,0,0,o48rB0tHYGOfpB9_eqInFV1OX3h0
692,SH.600525,长园集团,0,0,0,o48rB0tHYGOfpB9_eqInFV1OX3h0
693,SH.600477,杭萧钢构,0,0,0,o48rB0tHYGOfpB9_eqInFV1OX3h0
694,SZ.002007,华兰生物,0,0,0,o48rB0tHYGOfpB9_eqInFV1OX3h0
695,SZ.002064,华峰氨纶,0,0,0,o48rB0tHYGOfpB9_eqInFV1OX3h0
696,SZ.002078,太阳纸业,0,0,0,o48rB0tHYGOfpB9_eqInFV1OX3h0
697,SZ.002138,顺络电子,0,0,0,o48rB0tHYGOfpB9_eqInFV1OX3h0
698,SH.601866,中远海发,0,0,0,o48rB0tHYGOfpB9_eqInFV1OX3h0
699,SZ.002217,合力泰,0,0,0,o48rB0tHYGOfpB9_eqInFV1OX3h0
700,SH.601668,中国建筑,0,0,0,o48rB0tHYGOfpB9_eqInFV1OX3h0
701,SH.601788,光大证券,0,0,0,o48rB0tHYGOfpB9_eqInFV1OX3h0
702,SZ.002310,东方园林,0,0,0,o48rB0tHYGOfpB9_eqInFV1OX3h0
703,SZ.002353,杰瑞股份,0,0,0,o48rB0tHYGOfpB9_eqInFV1OX3h0
704,SZ.002359,北讯集团,0,0,0,o48rB0tHYGOfpB9_eqInFV1OX3h0
705,SZ.002439,启明星辰,0,0,0,o48rB0tHYGOfpB9_eqInFV1OX3h0
706,SZ.002462,嘉事堂,0,0,0,o48rB0tHYGOfpB9_eqInFV1OX3h0
707,SZ.002547,春兴精工,0,0,0,o48rB0tHYGOfpB9_eqInFV1OX3h0
708,SH.601669,中国电建,0,0,0,o48rB0tHYGOfpB9_eqInFV1OX3h0
709,SZ.002640,跨境通,0,0,0,o48rB0tHYGOfpB9_eqInFV1OX3h0
710,SZ.002672,东江环保,0,0,0,o48rB0tHYGOfpB9_eqInFV1OX3h0
711,SH.603993,洛阳钼业,0,0,0,o48rB0tHYGOfpB9_eqInFV1OX3h0
712,SZ.000063,中兴通讯,0,0,0,o48rB0tHYGOfpB9_eqInFV1OX3h0
713,SZ.000623,吉林敖东,0,0,0,o48rB0tHYGOfpB9_eqInFV1OX3h0
714,SZ.000681,视觉中国,0,0,0,o48rB0tHYGOfpB9_eqInFV1OX3h0
715,SZ.000697,炼石有色,0,0,0,o48rB0tHYGOfpB9_eqInFV1OX3h0
716,SZ.000718,苏宁环球,0,0,0,o48rB0tHYGOfpB9_eqInFV1OX3h0
717,SZ.000783,长江证券,0,0,0,o48rB0tHYGOfpB9_eqInFV1OX3h0
718,SZ.000826,启迪桑德,0,0,0,o48rB0tHYGOfpB9_eqInFV1OX3h0
719,SZ.000831,五矿稀土,0,0,0,o48rB0tHYGOfpB9_eqInFV1OX3h0
720,SZ.000921,海信科龙,0,0,0,o48rB0tHYGOfpB9_eqInFV1OX3h0
721,SH.600060,海信电器,0,0,0,o48rB0tHYGOfpB9_eqInFV1OX3h0
722,SH.600276,恒瑞医药,0,0,0,o48rB0tHYGOfpB9_eqInFV1OX3h0
723,SH.600519,贵州茅台,0,0,0,o48rB0tHYGOfpB9_eqInFV1OX3h0
724,SH.600583,海油工程,0,0,0,o48rB0tHYGOfpB9_eqInFV1OX3h0
725,SH.600611,大众交通,0,0,0,o48rB0tHYGOfpB9_eqInFV1OX3h0
726,SH.600648,外高桥,0,0,0,o48rB0tHYGOfpB9_eqInFV1OX3h0
727,SH.600676,交运股份,0,0,0,o48rB0tHYGOfpB9_eqInFV1OX3h0
728,SH.600711,盛屯矿业,0,0,0,o48rB0tHYGOfpB9_eqInFV1OX3h0
729,SH.600741,华域汽车,0,0,0,o48rB0tHYGOfpB9_eqInFV1OX3h0
730,SH.600835,上海机电,0,0,0,o48rB0tHYGOfpB9_eqInFV1OX3h0
731,SH.600874,创业环保,0,0,0,o48rB0tHYGOfpB9_eqInFV1OX3h0
732,SH.600499,科达洁能,0,0,0,o48rB0tHYGOfpB9_eqInFV1OX3h0
733,SH.600435,北方导航,0,0,0,o48rB0tHYGOfpB9_eqInFV1OX3h0
734,SZ.000100,TCL集团,0,0,0,o48rB0tHYGOfpB9_eqInFV1OX3h0
735,SH.600978,宜华生活,0,0,0,o48rB0tHYGOfpB9_eqInFV1OX3h0
736,SH.600027,华电国际,0,0,0,o48rB0tHYGOfpB9_eqInFV1OX3h0
737,SZ.002050,三花智控,0,0,0,o48rB0tHYGOfpB9_eqInFV1OX3h0
738,SH.601988,中国银行,0,0,0,o48rB0tHYGOfpB9_eqInFV1OX3h0
739,SH.600048,保利地产,0,0,0,o48rB0tHYGOfpB9_eqInFV1OX3h0
740,SH.601111,中国国航,0,0,0,o48rB0tHYGOfpB9_eqInFV1OX3h0
741,SZ.002074,国轩高科,0,0,0,o48rB0tHYGOfpB9_eqInFV1OX3h0
742,SZ.002190,成飞集成,0,0,0,o48rB0tHYGOfpB9_eqInFV1OX3h0
743,SZ.002244,滨江集团,0,0,0,o48rB0tHYGOfpB9_eqInFV1OX3h0
744,SZ.002266,浙富控股,0,0,0,o48rB0tHYGOfpB9_eqInFV1OX3h0
745,SZ.002489,浙江永强,0,0,0,o48rB0tHYGOfpB9_eqInFV1OX3h0
746,SZ.002343,慈文传媒,0,0,0,o48rB0tHYGOfpB9_eqInFV1OX3h0
747,SH.601688,华泰证券,0,0,0,o48rB0tHYGOfpB9_eqInFV1OX3h0
748,SH.601377,兴业证券,0,0,0,o48rB0tHYGOfpB9_eqInFV1OX3h0
749,SZ.002475,立讯精密,0,0,0,o48rB0tHYGOfpB9_eqInFV1OX3h0
750,SH.601233,桐昆股份,0,0,0,o48rB0tHYGOfpB9_eqInFV1OX3h0
751,SZ.002589,瑞康医药,0,0,0,o48rB0tHYGOfpB9_eqInFV1OX3h0
752,SH.601636,旗滨集团,0,0,0,o48rB0tHYGOfpB9_eqInFV1OX3h0
753,SZ.300357,我武生物,0,0,0,o48rB0tHYGOfpB9_eqInFV1OX3h0
754,SZ.002507,涪陵榨菜,0,0,0,o48rB0tHYGOfpB9_eqInFV1OX3h0
755,SZ.002677,浙江美大,0,0,0,o48rB0tHYGOfpB9_eqInFV1OX3h0
756,SH.600436,片仔癀,0,0,0,o48rB0tHYGOfpB9_eqInFV1OX3h0
757,SH.603025,大豪科技,0,0,0,o48rB0tHYGOfpB9_eqInFV1OX3h0
758,SH.600801,华新水泥,0,0,0,o48rB0tHYGOfpB9_eqInFV1OX3h0
759,SZ.000301,东方市场,0,0,0,o48rB0tHYGOfpB9_eqInFV1OX3h0
760,SH.600393,粤泰股份,0,0,0,o48rB0tHYGOfpB9_eqInFV1OX3h0
761,SH.603005,晶方科技,0,0,0,o48rB0tHYGOfpB9_eqInFV1OX3h0
762,SZ.300529,健帆生物,0,0,0,o48rB0tHYGOfpB9_eqInFV1OX3h0
763,SH.601007,金陵饭店,0,0,0,o48rB0tHYGOfpB9_eqInFV1OX3h0
764,SZ.002901,大博医疗,0,0,0,o48rB0tHYGOfpB9_eqInFV1OX3h0
765,SZ.300487,蓝晓科技,0,0,0,o48rB0tHYGOfpB9_eqInFV1OX3h0
766,SH.600309,万华化学,0,0,0,o48rB0tHYGOfpB9_eqInFV1OX3h0
767,SH.600690,青岛海尔,0,0,0,o48rB0tHYGOfpB9_eqInFV1OX3h0
768,SZ.000068,华控赛格,0,0,0,o48rB0tHYGOfpB9_eqInFV1OX3h0
769,SZ.300451,创业软件,0,0,0,o48rB0tHYGOfpB9_eqInFV1OX3h0
770,SH.600588,用友网络,0,0,0,o48rB0tHYGOfpB9_eqInFV1OX3h0
771,SZ.002282,博深工具,0,0,0,o48rB0tHYGOfpB9_eqInFV1OX3h0
772,SZ.002555,三七互娱,0,0,0,o48rB0tHYGOfpB9_eqInFV1OX3h0
773,SZ.002762,金发拉比,0,0,0,o48rB0tHYGOfpB9_eqInFV1OX3h0
774,SZ.300084,海默科技,0,0,0,o48rB0tHYGOfpB9_eqInFV1OX3h0
775,SH.600452,涪陵电力,0,0,0,o48rB0tHYGOfpB9_eqInFV1OX3h0
776,SZ.000042,中洲控股,0,0,0,o48rB0tHYGOfpB9_eqInFV1OX3h0
777,SZ.300355,蒙草生态,0,0,0,o48rB0tHYGOfpB9_eqInFV1OX3h0
778,SH.603568,伟明环保,0,0,0,o48rB0tHYGOfpB9_eqInFV1OX3h0
779,SH.600018,上港集团,0,0,0,o48rB0tHYGOfpB9_eqInFV1OX3h0
780,SZ.000975,银泰资源,0,0,0,o48rB0tHYGOfpB9_eqInFV1OX3h0
781,SH.600774,汉商集团,0,0,0,o48rB0tHYGOfpB9_eqInFV1OX3h0
782,SZ.000333,美的集团,0,0,0,o48rB0tHYGOfpB9_eqInFV1OX3h0
783,SZ.300567,精测电子,0,0,0,o48rB0tHYGOfpB9_eqInFV1OX3h0
784,SZ.000685,中山公用,0,0,0,o48rB0tHYGOfpB9_eqInFV1OX3h0
785,SZ.002448,中原内配,0,0,0,o48rB0tHYGOfpB9_eqInFV1OX3h0
786,SZ.300469,信息发展,0,0,0,o48rB0tHYGOfpB9_eqInFV1OX3h0
787,SH.601155,XD新城控,0,0,0,o48rB0tHYGOfpB9_eqInFV1OX3h0
788,SH.600633,浙数文化,0,0,0,o48rB0tHYGOfpB9_eqInFV1OX3h0
789,SH.600657,信达地产,0,0,0,o48rB0tHYGOfpB9_eqInFV1OX3h0
790,SZ.000651,格力电器,0,0,0,o48rB0tHYGOfpB9_eqInFV1OX3h0
791,SH.603558,健盛集团,0,0,0,o48rB0tHYGOfpB9_eqInFV1OX3h0
792,SZ.002339,积成电子,0,0,0,o48rB0tHYGOfpB9_eqInFV1OX3h0
793,SH.600516,方大炭素,0,0,0,o48rB0tHYGOfpB9_eqInFV1OX3h0
794,SZ.000998,隆平高科,0,0,0,o48rB0tHYGOfpB9_eqInFV1OX3h0
795,SH.601811,新华文轩,0,0,0,o48rB0tHYGOfpB9_eqInFV1OX3h0
796,SZ.002351,漫步者,0,0,0,o48rB0tHYGOfpB9_eqInFV1OX3h0
797,SZ.300146,汤臣倍健,0,0,0,o48rB0tHYGOfpB9_eqInFV1OX3h0
798,SH.600080,金花股份,0,0,0,o48rB0tHYGOfpB9_eqInFV1OX3h0
799,SZ.300016,北陆药业,0,0,0,o48rB0tHYGOfpB9_eqInFV1OX3h0
800,SZ.002683,宏大爆破,0,0,0,o48rB0tHYGOfpB9_eqInFV1OX3h0
801,SZ.002440,闰土股份,0,0,0,o48rB0tHYGOfpB9_eqInFV1OX3h0
802,SH.600481,双良节能,0,0,0,o48rB0tHYGOfpB9_eqInFV1OX3h0
803,SH.600406,国电南瑞,0,0,0,o48rB0tHYGOfpB9_eqInFV1OX3h0
804,SZ.300096,易联众,0,0,0,o48rB0tHYGOfpB9_eqInFV1OX3h0
805,SZ.002008,大族激光,0,0,0,o48rB0tHYGOfpB9_eqInFV1OX3h0
806,SZ.002696,百洋股份,0,0,0,o48rB0tHYGOfpB9_eqInFV1OX3h0
807,SH.603222,济民制药,0,0,0,o48rB0tHYGOfpB9_eqInFV1OX3h0
808,SH.600521,华海药业,0,0,0,o48rB0tHYGOfpB9_eqInFV1OX3h0
809,SH.603737,三棵树,0,0,0,o48rB0tHYGOfpB9_eqInFV1OX3h0
810,SH.603008,喜临门,0,0,0,o48rB0tHYGOfpB9_eqInFV1OX3h0
811,SH.603338,浙江鼎力,0,0,0,o48rB0tHYGOfpB9_eqInFV1OX3h0
812,SZ.300349,金卡智能,0,0,0,o48rB0tHYGOfpB9_eqInFV1OX3h0
813,SH.600079,人福医药,0,0,0,o48rB0tHYGOfpB9_eqInFV1OX3h0
814,SH.603993,洛阳钼业,0,0,0,o48rB0tHYGOfpB9_eqInFV1OX3h0
815,SZ.000789,万年青,0,0,0,o48rB0tHYGOfpB9_eqInFV1OX3h0
816,SH.600114,东睦股份,0,0,0,o48rB0tHYGOfpB9_eqInFV1OX3h0
817,SZ.002016,世荣兆业,0,0,0,o48rB0tHYGOfpB9_eqInFV1OX3h0
818,SH.600115,东方航空,0,0,0,o48rB0tHYGOfpB9_eqInFV1OX3h0
819,SZ.002107,沃华医药,0,0,0,o48rB0tHYGOfpB9_eqInFV1OX3h0
820,SZ.300261,雅本化学,0,0,0,o48rB0tHYGOfpB9_eqInFV1OX3h0
821,SH.600020,中原高速,0,0,0,o48rB0tHYGOfpB9_eqInFV1OX3h0
822,SZ.300122,智飞生物,0,0,0,o48rB0tHYGOfpB9_eqInFV1OX3h0
823,SH.603283,赛腾股份,0,0,0,o48rB0tHYGOfpB9_eqInFV1OX3h0
824,SZ.002574,明牌珠宝,0,0,0,o48rB0tHYGOfpB9_eqInFV1OX3h0
825,SH.603165,荣晟环保,0,0,0,o48rB0tHYGOfpB9_eqInFV1OX3h0
826,SZ.300599,雄塑科技,0,0,0,o48rB0tHYGOfpB9_eqInFV1OX3h0
827,SH.600160,巨化股份,0,0,0,o48rB0tHYGOfpB9_eqInFV1OX3h0
828,SH.600572,康恩贝,0,0,0,o48rB0tHYGOfpB9_eqInFV1OX3h0
829,SZ.002388,新亚制程,0,0,0,o48rB0tHYGOfpB9_eqInFV1OX3h0
830,SZ.300668,杰恩设计,0,0,0,o48rB0tHYGOfpB9_eqInFV1OX3h0
831,SZ.002057,中钢天源,0,0,0,o48rB0tHYGOfpB9_eqInFV1OX3h0
832,SH.600273,嘉化能源,0,0,0,o48rB0tHYGOfpB9_eqInFV1OX3h0
833,SH.603456,九洲药业,0,0,0,o48rB0tHYGOfpB9_eqInFV1OX3h0
834,SH.603299,井神股份,0,0,0,o48rB0tHYGOfpB9_eqInFV1OX3h0
835,SZ.002128,露天煤业,0,0,0,o48rB0tHYGOfpB9_eqInFV1OX3h0
836,SH.600486,扬农化工,0,0,0,o48rB0tHYGOfpB9_eqInFV1OX3h0
837,SH.600566,济川药业,0,0,0,o48rB0tHYGOfpB9_eqInFV1OX3h0
838,SZ.000596,古井贡酒,0,0,0,o48rB0tHYGOfpB9_eqInFV1OX3h0
839,SZ.002832,比音勒芬,0,0,0,o48rB0tHYGOfpB9_eqInFV1OX3h0
840,SH.601939,建设银行,0,0,0,o48rB0tHYGOfpB9_eqInFV1OX3h0
841,SZ.002406,远东传动,0,0,0,o48rB0tHYGOfpB9_eqInFV1OX3h0
842,SZ.002508,老板电器,0,0,0,o48rB0tHYGOfpB9_eqInFV1OX3h0
843,SZ.300653,正海生物,0,0,0,o48rB0tHYGOfpB9_eqInFV1OX3h0
844,SZ.300572,安车检测,0,0,0,o48rB0tHYGOfpB9_eqInFV1OX3h0
845,SZ.300508,维宏股份,0,0,0,o48rB0tHYGOfpB9_eqInFV1OX3h0
846,SZ.000915,山大华特,0,0,0,o48rB0tHYGOfpB9_eqInFV1OX3h0
847,SH.603015,弘讯科技,0,0,0,o48rB0tHYGOfpB9_eqInFV1OX3h0
848,SZ.300398,飞凯材料,0,0,0,o48rB0tHYGOfpB9_eqInFV1OX3h0
849,SZ.001965,招商公路,0,0,0,o48rB0tHYGOfpB9_eqInFV1OX3h0
850,SZ.300476,胜宏科技,0,0,0,o48rB0tHYGOfpB9_eqInFV1OX3h0
851,SH.601222,林洋能源,0,0,0,o48rB0tHYGOfpB9_eqInFV1OX3h0
852,SH.601088,中国神华,0,0,0,o48rB0tHYGOfpB9_eqInFV1OX3h0
853,SH.603960,克来机电,0,0,0,o48rB0tHYGOfpB9_eqInFV1OX3h0
854,SH.600012,皖通高速,0,0,0,o48rB0tHYGOfpB9_eqInFV1OX3h0
855,SH.603605,珀莱雅,0,0,0,o48rB0tHYGOfpB9_eqInFV1OX3h0
856,SZ.002293,罗莱生活,0,0,0,o48rB0tHYGOfpB9_eqInFV1OX3h0
857,SH.600197,伊力特,0,0,0,o48rB0tHYGOfpB9_eqInFV1OX3h0
858,SH.601882,海天精工,0,0,0,o48rB0tHYGOfpB9_eqInFV1OX3h0
859,SZ.300725,药石科技,0,0,0,o48rB0tHYGOfpB9_eqInFV1OX3h0
860,SZ.000759,中百集团,0,0,0,o48rB0tHYGOfpB9_eqInFV1OX3h0
861,SZ.000999,华润三九,0,0,0,o48rB0tHYGOfpB9_eqInFV1OX3h0
862,SZ.002135,东南网架,0,0,0,o48rB0tHYGOfpB9_eqInFV1OX3h0
863,SZ.002270,华明装备,0,0,0,o48rB0tHYGOfpB9_eqInFV1OX3h0
864,SH.603458,勘设股份,0,0,0,o48rB0tHYGOfpB9_eqInFV1OX3h0
865,SH.603268,DR松发股,0,0,0,o48rB0tHYGOfpB9_eqInFV1OX3h0
866,SH.600382,广东明珠,0,0,0,o48rB0tHYGOfpB9_eqInFV1OX3h0
867,SH.601158,重庆水务,0,0,0,o48rB0tHYGOfpB9_eqInFV1OX3h0
868,SH.600376,首开股份,0,0,0,o48rB0tHYGOfpB9_eqInFV1OX3h0
869,SH.601108,财通证券,0,0,0,o48rB0tHYGOfpB9_eqInFV1OX3h0
870,SH.600351,亚宝药业,0,0,0,o48rB0tHYGOfpB9_eqInFV1OX3h0
871,SH.603429,集友股份,0,0,0,o48rB0tHYGOfpB9_eqInFV1OX3h0
872,SZ.002213,特 尔 佳,0,0,0,o48rB0tHYGOfpB9_eqInFV1OX3h0
873,SZ.002029,七 匹 狼,0,0,0,o48rB0tHYGOfpB9_eqInFV1OX3h0
874,SH.600612,老凤祥,0,0,0,o48rB0tHYGOfpB9_eqInFV1OX3h0
875,SZ.000828,东莞控股,0,0,0,o48rB0tHYGOfpB9_eqInFV1OX3h0
876,SZ.002335,科华恒盛,0,0,0,o48rB0tHYGOfpB9_eqInFV1OX3h0
877,SH.600643,爱建集团,0,0,0,o48rB0tHYGOfpB9_eqInFV1OX3h0
878,SH.600530,交大昂立,0,0,0,o48rB0tHYGOfpB9_eqInFV1OX3h0
879,SZ.002334,英威腾,0,0,0,o48rB0tHYGOfpB9_eqInFV1OX3h0
880,SZ.002158,汉钟精机,0,0,0,o48rB0tHYGOfpB9_eqInFV1OX3h0
881,SH.603663,XD三祥新,0,0,0,o48rB0tHYGOfpB9_eqInFV1OX3h0
882,SZ.300532,今天国际,0,0,0,o48rB0tHYGOfpB9_eqInFV1OX3h0
883,SH.601328,交通银行,0,0,0,o48rB0tHYGOfpB9_eqInFV1OX3h0
884,SH.601016,节能风电,0,0,0,o48rB0tHYGOfpB9_eqInFV1OX3h0
885,SH.600837,海通证券,0,0,0,o48rB0tHYGOfpB9_eqInFV1OX3h0
886,SH.600823,世茂股份,0,0,0,o48rB0tHYGOfpB9_eqInFV1OX3h0
887,SZ.300123,亚光科技,0,0,0,o48rB0tHYGOfpB9_eqInFV1OX3h0
888,SH.603638,艾迪精密,0,0,0,o48rB0tHYGOfpB9_eqInFV1OX3h0
889,SH.600763,通策医疗,0,0,0,o48rB0tHYGOfpB9_eqInFV1OX3h0
890,SZ.002562,兄弟科技,0,0,0,o48rB0tHYGOfpB9_eqInFV1OX3h0
891,SH.603096,新经典,0,0,0,o48rB0tHYGOfpB9_eqInFV1OX3h0
892,SH.600405,动力源,0,0,0,o48rB0tHYGOfpB9_eqInFV1OX3h0
893,SH.600621,华鑫股份,0,0,0,o48rB0tHYGOfpB9_eqInFV1OX3h0
894,SH.603288,海天味业,0,0,0,o48rB0tHYGOfpB9_eqInFV1OX3h0
895,SZ.002354,天神娱乐,0,0,0,o48rB0tHYGOfpB9_eqInFV1OX3h0
896,SZ.300127,银河磁体,0,0,0,o48rB0tHYGOfpB9_eqInFV1OX3h0
897,SZ.002651,利君股份,0,0,0,o48rB0tHYGOfpB9_eqInFV1OX3h0
898,SH.600332,白云山,0,0,0,o48rB0tHYGOfpB9_eqInFV1OX3h0
899,SH.600593,大连圣亚,0,0,0,o48rB0tHYGOfpB9_eqInFV1OX3h0
900,SH.603598,引力传媒,0,0,0,o48rB0tHYGOfpB9_eqInFV1OX3h0
901,SH.603912,佳力图,0,0,0,o48rB0tHYGOfpB9_eqInFV1OX3h0
902,SZ.300415,伊之密,0,0,0,o48rB0tHYGOfpB9_eqInFV1OX3h0
903,SH.603716,塞力斯,0,0,0,o48rB0tHYGOfpB9_eqInFV1OX3h0
904,SH.603881,数据港,0,0,0,o48rB0tHYGOfpB9_eqInFV1OX3h0
905,SZ.002345,潮宏基,0,0,0,o48rB0tHYGOfpB9_eqInFV1OX3h0
906,SH.601588,北辰实业,0,0,0,o48rB0tHYGOfpB9_eqInFV1OX3h0
907,SH.603108,润达医疗,0,0,0,o48rB0tHYGOfpB9_eqInFV1OX3h0
908,SH.600682,南京新百,0,0,0,o48rB0tHYGOfpB9_eqInFV1OX3h0
909,SZ.000778,新兴铸管,0,0,0,o48rB0tHYGOfpB9_eqInFV1OX3h0
910,SZ.002398,建研集团,0,0,0,o48rB0tHYGOfpB9_eqInFV1OX3h0
911,SH.600256,广汇能源,0,0,0,o48rB0tHYGOfpB9_eqInFV1OX3h0
912,SH.600217,中再资环,0,0,0,o48rB0tHYGOfpB9_eqInFV1OX3h0
913,SH.603117,万林股份,0,0,0,o48rB0tHYGOfpB9_eqInFV1OX3h0
914,SH.601515,东风股份,0,0,0,o48rB0tHYGOfpB9_eqInFV1OX3h0
915,SZ.300549,优德精密,0,0,0,o48rB0tHYGOfpB9_eqInFV1OX3h0
916,SZ.300012,华测检测,0,0,0,o48rB0tHYGOfpB9_eqInFV1OX3h0
917,SZ.000026,飞亚达Ａ,0,0,0,o48rB0tHYGOfpB9_eqInFV1OX3h0
918,SZ.300718,长盛轴承,0,0,0,o48rB0tHYGOfpB9_eqInFV1OX3h0
919,SH.600059,古越龙山,0,0,0,o48rB0tHYGOfpB9_eqInFV1OX3h0
920,SZ.300137,先河环保,0,0,0,o48rB0tHYGOfpB9_eqInFV1OX3h0
921,SH.600352,浙江龙盛,0,0,0,o48rB0tHYGOfpB9_eqInFV1OX3h0
922,SH.603339,四方冷链,0,0,0,o48rB0tHYGOfpB9_eqInFV1OX3h0
923,SZ.300316,晶盛机电,0,0,0,o48rB0tHYGOfpB9_eqInFV1OX3h0
924,SZ.300684,中石科技,0,0,0,o48rB0tHYGOfpB9_eqInFV1OX3h0
925,SH.603773,沃格光电,0,0,0,o48rB0tHYGOfpB9_eqInFV1OX3h0
927,SZ.300700,岱勒新材,0,0,0,o48rB0tHYGOfpB9_eqInFV1OX3h0
928,SZ.002001,新 和 成,0,0,0,o48rB0tHYGOfpB9_eqInFV1OX3h0
929,SZ.300054,鼎龙股份,0,0,0,o48rB0tHYGOfpB9_eqInFV1OX3h0
930,SH.600146,商赢环球,0,0,0,o48rB0tHYGOfpB9_eqInFV1OX3h0
931,SH.600789,鲁抗医药,0,0,0,o48rB0tHYGOfpB9_eqInFV1OX3h0
932,SZ.002724,海洋王,0,0,0,o48rB0tHYGOfpB9_eqInFV1OX3h0
933,SH.600881,亚泰集团,0,0,0,o48rB0tHYGOfpB9_eqInFV1OX3h0
934,SH.600477,杭萧钢构,0,0,0,o48rB0tHYGOfpB9_eqInFV1OX3h0
935,SZ.002043,兔 宝 宝,0,0,0,o48rB0tHYGOfpB9_eqInFV1OX3h0
936,SH.603868,飞科电器,0,0,0,o48rB0tHYGOfpB9_eqInFV1OX3h0
937,SH.603818,曲美家居,0,0,0,o48rB0tHYGOfpB9_eqInFV1OX3h0
938,SZ.002020,京新药业,0,0,0,o48rB0tHYGOfpB9_eqInFV1OX3h0
939,SH.600961,株冶集团,0,0,0,o48rB0tHYGOfpB9_eqInFV1OX3h0
940,SZ.300177,中海达,0,0,0,o48rB0tHYGOfpB9_eqInFV1OX3h0
941,SH.603012,创力集团,0,0,0,o48rB0tHYGOfpB9_eqInFV1OX3h0
942,SZ.002438,江苏神通,0,0,0,o48rB0tHYGOfpB9_eqInFV1OX3h0
943,SH.600733,SST前锋,0,0,0,o48rB0tHYGOfpB9_eqInFV1OX3h0
944,SH.600507,方大特钢,0,0,0,o48rB0tHYGOfpB9_eqInFV1OX3h0
945,SH.603899,晨光文具,0,0,0,o48rB0tHYGOfpB9_eqInFV1OX3h0
946,SZ.300470,日机密封,0,0,0,o48rB0tHYGOfpB9_eqInFV1OX3h0
947,SH.600093,易见股份,0,0,0,o48rB0tHYGOfpB9_eqInFV1OX3h0
948,SH.600323,瀚蓝环境,0,0,0,o48rB0tHYGOfpB9_eqInFV1OX3h0
949,SH.600242,中昌数据,0,0,0,o48rB0tHYGOfpB9_eqInFV1OX3h0
950,SH.600456,宝钛股份,0,0,0,o48rB0tHYGOfpB9_eqInFV1OX3h0
951,SH.600545,卓郎智能,0,0,0,o48rB0tHYGOfpB9_eqInFV1OX3h0
952,SH.600097,开创国际,0,0,0,o48rB0tHYGOfpB9_eqInFV1OX3h0
953,SZ.300343,联创互联,0,0,0,o48rB0tHYGOfpB9_eqInFV1OX3h0
954,SH.600183,生益科技,0,0,0,o48rB0tHYGOfpB9_eqInFV1OX3h0
955,SZ.002453,天马精化,0,0,0,o48rB0tHYGOfpB9_eqInFV1OX3h0
956,SZ.000709,河钢股份,0,0,0,o48rB0tHYGOfpB9_eqInFV1OX3h0
957,SZ.002073,软控股份,0,0,0,o48rB0tHYGOfpB9_eqInFV1OX3h0
958,SZ.002391,长青股份,0,0,0,o48rB0tHYGOfpB9_eqInFV1OX3h0
959,SH.600654,ST中安,0,0,0,o48rB0tHYGOfpB9_eqInFV1OX3h0
960,SH.600277,亿利洁能,0,0,0,o48rB0tHYGOfpB9_eqInFV1OX3h0
961,SH.600569,安阳钢铁,0,0,0,o48rB0tHYGOfpB9_eqInFV1OX3h0
962,SZ.300506,名家汇,0,0,0,o48rB0tHYGOfpB9_eqInFV1OX3h0
963,SH.600618,氯碱化工,0,0,0,o48rB0tHYGOfpB9_eqInFV1OX3h0
964,SZ.000938,紫光股份,0,0,0,o48rB0tHYGOfpB9_eqInFV1OX3h0
965,SZ.000887,中鼎股份,0,0,0,o48rB0tHYGOfpB9_eqInFV1OX3h0
966,SZ.000593,大通燃气,0,0,0,o48rB0tHYGOfpB9_eqInFV1OX3h0
967,SZ.002163,中航三鑫,0,0,0,o48rB0tHYGOfpB9_eqInFV1OX3h0
968,SZ.300313,天山生物,0,0,0,o48rB0tHYGOfpB9_eqInFV1OX3h0
969,SZ.000831,五矿稀土,0,0,0,o48rB0tHYGOfpB9_eqInFV1OX3h0
972,SZ.000962,东方钽业,0,0,0,o48rB0tHYGOfpB9_eqInFV1OX3h0
973,SZ.002319,乐通股份,0,0,0,o48rB0tHYGOfpB9_eqInFV1OX3h0
974,SH.600479,千金药业,0,0,0,o48rB0tHYGOfpB9_eqInFV1OX3h0
975,SZ.002170,芭田股份,0,0,0,o48rB0tHYGOfpB9_eqInFV1OX3h0
976,SH.600230,沧州大化,0,0,0,o48rB0tHYGOfpB9_eqInFV1OX3h0
977,SZ.000011,深物业A,0,0,0,o48rB0tHYGOfpB9_eqInFV1OX3h0
978,SZ.000609,中迪投资,0,0,0,o48rB0tHYGOfpB9_eqInFV1OX3h0
979,SZ.002514,宝馨科技,0,0,0,o48rB0tHYGOfpB9_eqInFV1OX3h0
980,SZ.300155,安居宝,0,0,0,o48rB0tHYGOfpB9_eqInFV1OX3h0
981,SZ.000921,海信科龙,0,0,0,o48rB0tHYGOfpB9_eqInFV1OX3h0
982,SH.601997,贵阳银行,0,0,0,o48rB0tHYGOfpB9_eqInFV1OX3h0
983,SH.600439,瑞贝卡,0,0,0,o48rB0tHYGOfpB9_eqInFV1OX3h0
984,SZ.300309,吉艾科技,0,0,0,o48rB0tHYGOfpB9_eqInFV1OX3h0
985,SZ.300347,泰格医药,0,0,0,o48rB0tHYGOfpB9_eqInFV1OX3h0
986,SH.603088,宁波精达,0,0,0,o48rB0tHYGOfpB9_eqInFV1OX3h0
987,SZ.300491,通合科技,0,0,0,o48rB0tHYGOfpB9_eqInFV1OX3h0
988,SZ.300306,远方信息,0,0,0,o48rB0tHYGOfpB9_eqInFV1OX3h0
989,SZ.300471,厚普股份,0,0,0,o48rB0tHYGOfpB9_eqInFV1OX3h0
990,SH.600161,天坛生物,0,0,0,o48rB0tHYGOfpB9_eqInFV1OX3h0
991,SZ.002405,四维图新,0,0,0,o48rB0tHYGOfpB9_eqInFV1OX3h0
992,SH.600279,重庆港九,0,0,0,o48rB0tHYGOfpB9_eqInFV1OX3h0
993,SZ.300338,开元股份,0,0,0,o48rB0tHYGOfpB9_eqInFV1OX3h0
994,SZ.002273,水晶光电,0,0,0,o48rB0tHYGOfpB9_eqInFV1OX3h0
995,SZ.002273,水晶光电,0,0,0,o48rB0jO_sMoLTa7iuco_T0l3Ucw
996,SZ.002273,水晶光电,0,0,0,o48rB0tah-lw0tJ9AKXXgbgwuSUY
997,SZ.002273,水晶光电,0,0,0,o48rB0sXHkHtzJreikUonwvJBJB0
998,SZ.002273,水晶光电,0,0,0,o48rB0ioXB8CDQuodhP76HZ0EJAs
999,HK.01030,新城发展控股,0,0,0,o48rB0tHYGOfpB9_eqInFV1OX3h0
1000,HK.01030,新城发展控股,0,0,0,o48rB0jO_sMoLTa7iuco_T0l3Ucw
1001,HK.01030,新城发展控股,0,0,0,o48rB0tah-lw0tJ9AKXXgbgwuSUY
1002,HK.01030,新城发展控股,0,0,0,o48rB0sXHkHtzJreikUonwvJBJB0
1003,HK.01030,新城发展控股,0,0,0,o48rB0ioXB8CDQuodhP76HZ0EJAs
1004,SH.601155 ,新城控股,0,0,0,o48rB0tHYGOfpB9_eqInFV1OX3h0
1005,SH.601155 ,新城控股,0,0,0,o48rB0jO_sMoLTa7iuco_T0l3Ucw
1006,SH.601155 ,新城控股,0,0,0,o48rB0tah-lw0tJ9AKXXgbgwuSUY
1007,SH.601155 ,新城控股,0,0,0,o48rB0sXHkHtzJreikUonwvJBJB0
1008,SH.601155 ,新城控股,0,0,0,o48rB0ioXB8CDQuodhP76HZ0EJAs
1009,HK.00700,腾讯控股,0,0,0,o48rB0tHYGOfpB9_eqInFV1OX3h0
1010,HK.00700,腾讯控股,0,0,0,o48rB0jO_sMoLTa7iuco_T0l3Ucw
1011,HK.00700,腾讯控股,0,0,0,o48rB0tah-lw0tJ9AKXXgbgwuSUY
1012,HK.00700,腾讯控股,0,0,0,o48rB0sXHkHtzJreikUonwvJBJB0
1013,HK.00700,腾讯控股,0,0,0,o48rB0ioXB8CDQuodhP76HZ0EJAs
1014,SZ.002475,立讯精密,0,0,0,o48rB0tHYGOfpB9_eqInFV1OX3h0
1015,SZ.002475,立讯精密,0,0,0,o48rB0jO_sMoLTa7iuco_T0l3Ucw
1016,SZ.002475,立讯精密,0,0,0,o48rB0tah-lw0tJ9AKXXgbgwuSUY
1017,SZ.002475,立讯精密,0,0,0,o48rB0sXHkHtzJreikUonwvJBJB0
1018,SZ.002475,立讯精密,0,0,0,o48rB0ioXB8CDQuodhP76HZ0EJAs
1019,HK.02318,中国平安,0,0,0,o48rB0tHYGOfpB9_eqInFV1OX3h0
1020,HK.02318,中国平安,0,0,0,o48rB0jO_sMoLTa7iuco_T0l3Ucw
1021,HK.02318,中国平安,0,0,0,o48rB0tah-lw0tJ9AKXXgbgwuSUY
1022,HK.02318,中国平安,0,0,0,o48rB0sXHkHtzJreikUonwvJBJB0
1023,HK.02318,中国平安,0,0,0,o48rB0ioXB8CDQuodhP76HZ0EJAs
1024,SH.601318,中国平安,0,0,0,o48rB0tHYGOfpB9_eqInFV1OX3h0
1025,SH.601318,中国平安,0,0,0,o48rB0jO_sMoLTa7iuco_T0l3Ucw
1026,SH.601318,中国平安,0,0,0,o48rB0tah-lw0tJ9AKXXgbgwuSUY
1027,SH.601318,中国平安,0,0,0,o48rB0sXHkHtzJreikUonwvJBJB0
1028,SH.601318,中国平安,0,0,0,o48rB0ioXB8CDQuodhP76HZ0EJAs
1029,US.SRNE,索伦托医药,0,0,0,o48rB0tHYGOfpB9_eqInFV1OX3h0
1030,US.SRNE,索伦托医药,0,0,0,o48rB0jO_sMoLTa7iuco_T0l3Ucw
1031,US.SRNE,索伦托医药,0,0,0,o48rB0tah-lw0tJ9AKXXgbgwuSUY
1032,US.SRNE,索伦托医药,0,0,0,o48rB0sXHkHtzJreikUonwvJBJB0
1033,US.SRNE,索伦托医药,0,0,0,o48rB0ioXB8CDQuodhP76HZ0EJAs
1034,US.ABEO,Abeona Therapeutics,0,0,0,o48rB0tHYGOfpB9_eqInFV1OX3h0
1035,US.ABEO,Abeona Therapeutics,0,0,0,o48rB0jO_sMoLTa7iuco_T0l3Ucw
1036,US.ABEO,Abeona Therapeutics,0,0,0,o48rB0tah-lw0tJ9AKXXgbgwuSUY
1037,US.ABEO,Abeona Therapeutics,0,0,0,o48rB0sXHkHtzJreikUonwvJBJB0
1038,US.ABEO,Abeona Therapeutics,0,0,0,o48rB0ioXB8CDQuodhP76HZ0EJAs
1039,US.UAA,Under Armour,0,0,0,o48rB0tHYGOfpB9_eqInFV1OX3h0
1040,US.UAA,Under Armour,0,0,0,o48rB0jO_sMoLTa7iuco_T0l3Ucw
1041,US.UAA,Under Armour,0,0,0,o48rB0tah-lw0tJ9AKXXgbgwuSUY
1042,US.UAA,Under Armour,0,0,0,o48rB0sXHkHtzJreikUonwvJBJB0
1043,US.UAA,Under Armour,0,0,0,o48rB0ioXB8CDQuodhP76HZ0EJAs
1044,US.TVIX,中期波动指数,0,0,0,o48rB0tHYGOfpB9_eqInFV1OX3h0
1045,US.TVIX,中期波动指数,0,0,0,o48rB0jO_sMoLTa7iuco_T0l3Ucw
1046,US.TVIX,中期波动指数,0,0,0,o48rB0tah-lw0tJ9AKXXgbgwuSUY
1047,US.TVIX,中期波动指数,0,0,0,o48rB0sXHkHtzJreikUonwvJBJB0
1048,US.TVIX,中期波动指数,0,0,0,o48rB0ioXB8CDQuodhP76HZ0EJAs
1049,US.CLLS,Celletics,0,0,0,o48rB0tHYGOfpB9_eqInFV1OX3h0
1050,US.CLLS,Celletics,0,0,0,o48rB0jO_sMoLTa7iuco_T0l3Ucw
1051,US.CLLS,Celletics,0,0,0,o48rB0tah-lw0tJ9AKXXgbgwuSUY
1052,US.CLLS,Celletics,0,0,0,o48rB0sXHkHtzJreikUonwvJBJB0
1053,US.CLLS,Celletics,0,0,0,o48rB0ioXB8CDQuodhP76HZ0EJAs
1054,US.SKX,斯凯奇,0,0,0,o48rB0tHYGOfpB9_eqInFV1OX3h0
1055,US.SKX,斯凯奇,0,0,0,o48rB0jO_sMoLTa7iuco_T0l3Ucw
1056,US.SKX,斯凯奇,0,0,0,o48rB0tah-lw0tJ9AKXXgbgwuSUY
1057,US.SKX,斯凯奇,0,0,0,o48rB0sXHkHtzJreikUonwvJBJB0
1058,US.SKX,斯凯奇,0,0,0,o48rB0ioXB8CDQuodhP76HZ0EJAs
1059,US.BKE,巴克尔,0,0,0,o48rB0tHYGOfpB9_eqInFV1OX3h0
1060,US.BKE,巴克尔,0,0,0,o48rB0jO_sMoLTa7iuco_T0l3Ucw
1061,US.BKE,巴克尔,0,0,0,o48rB0tah-lw0tJ9AKXXgbgwuSUY
1062,US.BKE,巴克尔,0,0,0,o48rB0sXHkHtzJreikUonwvJBJB0
1063,US.BKE,巴克尔,0,0,0,o48rB0ioXB8CDQuodhP76HZ0EJAs
1064,US.ASNA,Ascena Retail,0,0,0,o48rB0tHYGOfpB9_eqInFV1OX3h0
1065,US.ASNA,Ascena Retail,0,0,0,o48rB0jO_sMoLTa7iuco_T0l3Ucw
1066,US.ASNA,Ascena Retail,0,0,0,o48rB0tah-lw0tJ9AKXXgbgwuSUY
1067,US.ASNA,Ascena Retail,0,0,0,o48rB0sXHkHtzJreikUonwvJBJB0
1068,US.ASNA,Ascena Retail,0,0,0,o48rB0ioXB8CDQuodhP76HZ0EJAs
1069,HK.06869,长飞光纤电缆,0,0,0,o48rB0tHYGOfpB9_eqInFV1OX3h0
1070,HK.06869,长飞光纤电缆,0,0,0,o48rB0jO_sMoLTa7iuco_T0l3Ucw
1071,HK.06869,长飞光纤电缆,0,0,0,o48rB0tah-lw0tJ9AKXXgbgwuSUY
1072,HK.06869,长飞光纤电缆,0,0,0,o48rB0sXHkHtzJreikUonwvJBJB0
1073,HK.06869,长飞光纤电缆,0,0,0,o48rB0ioXB8CDQuodhP76HZ0EJAs
1074,HK.01548,金斯瑞生物,0,0,0,o48rB0tHYGOfpB9_eqInFV1OX3h0
1075,HK.01548,金斯瑞生物,0,0,0,o48rB0jO_sMoLTa7iuco_T0l3Ucw
1076,HK.01548,金斯瑞生物,0,0,0,o48rB0tah-lw0tJ9AKXXgbgwuSUY
1077,HK.01548,金斯瑞生物,0,0,0,o48rB0sXHkHtzJreikUonwvJBJB0
1078,HK.01548,金斯瑞生物,0,0,0,o48rB0ioXB8CDQuodhP76HZ0EJAs
1079,US.SRNE,索伦托,0,0,0,o48rB0sXHkHtzJreikUonwvJBJB0
1080,HK.01030,新城发展控股,0,0,0,o48rB0sXHkHtzJreikUonwvJBJB0
1081,HK.01548,金斯瑞生物,0,0,0,o48rB0sXHkHtzJreikUonwvJBJB0
1082,HK.02688,新奥能源,0,0,0,o48rB0sXHkHtzJreikUonwvJBJB0
1083,HK.00700,腾讯控股,0,0,0,o48rB0sXHkHtzJreikUonwvJBJB0
1084,HK.02018,瑞声科技 ,0,0,0,o48rB0sXHkHtzJreikUonwvJBJB0
1085,HK.00175,吉利汽车,0,0,0,o48rB0sXHkHtzJreikUonwvJBJB0
1086,HK.00027,银河娱乐,0,0,0,o48rB0sXHkHtzJreikUonwvJBJB0
1087,HK.02382,舜宇光学科技,0,0,0,o48rB0sXHkHtzJreikUonwvJBJB0
1088,HK.03311,中国建筑,0,0,0,o48rB0sXHkHtzJreikUonwvJBJB0
1089,HK.00384,中国燃气,0,0,0,o48rB0sXHkHtzJreikUonwvJBJB0
1090,HK.01313,华润水泥,0,0,0,o48rB0sXHkHtzJreikUonwvJBJB0
1091,HK.03993,洛阳钼业,0,0,0,o48rB0sXHkHtzJreikUonwvJBJB0
1092,SH.601155,新城发展,0,0,0,o48rB0sXHkHtzJreikUonwvJBJB0
1093,HK.800000,恒生指数,0,0,0,o48rB0sXHkHtzJreikUonwvJBJB0
1094,US.AXON,US.AXON,0,0,0,o48rB0tah-lw0tJ9AKXXgbgwuSUY
1095,US.DOVA,US.DOVA,0,0,0,o48rB0tah-lw0tJ9AKXXgbgwuSUY
1096,US.SLDB,US.SLDB,0,0,0,o48rB0tah-lw0tJ9AKXXgbgwuSUY
1097,US.VYGR,US.VYGR,0,0,0,o48rB0tah-lw0tJ9AKXXgbgwuSUY
1098,US.GOOS,US.GOOS,0,0,0,o48rB0tah-lw0tJ9AKXXgbgwuSUY
1099,US.TNDM,US.TNDM,0,0,0,o48rB0tah-lw0tJ9AKXXgbgwuSUY
1100,US.BLCM,US.BLCM,0,0,0,o48rB0tah-lw0tJ9AKXXgbgwuSUY
1101,US.LLY,US.LLY,0,0,0,o48rB0tah-lw0tJ9AKXXgbgwuSUY
1102,US.TSLA,Tesla Motors Inc,0,0,0,o48rB0tah-lw0tJ9AKXXgbgwuSUY
1103,US.AZN,US.AZN,0,0,0,o48rB0tah-lw0tJ9AKXXgbgwuSUY
1104,US.MRK,US.MRK,0,0,0,o48rB0tah-lw0tJ9AKXXgbgwuSUY
1105,US.ADAP,US.ADAP,0,0,0,o48rB0tah-lw0tJ9AKXXgbgwuSUY
1106,US.JOBS,US.JOBS,0,0,0,o48rB0tah-lw0tJ9AKXXgbgwuSUY
1107,US.ECYT,US.ECYT,0,0,0,o48rB0tah-lw0tJ9AKXXgbgwuSUY
1108,US.REGN,US.REGN,0,0,0,o48rB0tah-lw0tJ9AKXXgbgwuSUY
1109,US.AAPL,US.AAPL,0,0,0,o48rB0tah-lw0tJ9AKXXgbgwuSUY
1110,US.ACAD,US.ACAD,0,0,0,o48rB0tah-lw0tJ9AKXXgbgwuSUY
1111,US.CLLS,US.CLLS,0,0,0,o48rB0tah-lw0tJ9AKXXgbgwuSUY
1112,US.IMMU,"Immunomedics, Inc.",0,0,0,o48rB0tah-lw0tJ9AKXXgbgwuSUY
1113,US.TMO,US.TMO,0,0,0,o48rB0tah-lw0tJ9AKXXgbgwuSUY
1114,US.SRPT,US.SRPT,0,0,0,o48rB0tah-lw0tJ9AKXXgbgwuSUY
1115,US.ABT,US.ABT,0,0,0,o48rB0tah-lw0tJ9AKXXgbgwuSUY
1116,US.ORMP,US.ORMP,0,0,0,o48rB0tah-lw0tJ9AKXXgbgwuSUY
1117,US.MDCO,"Medicines Company, The",0,0,0,o48rB0tah-lw0tJ9AKXXgbgwuSUY
1118,US.ARRY,US.ARRY,0,0,0,o48rB0tah-lw0tJ9AKXXgbgwuSUY
1119,US.SESN,US.SESN,0,0,0,o48rB0tah-lw0tJ9AKXXgbgwuSUY
1120,US.ATRA,US.ATRA,0,0,0,o48rB0tah-lw0tJ9AKXXgbgwuSUY
1121,US.EXEL,US.EXEL,0,0,0,o48rB0tah-lw0tJ9AKXXgbgwuSUY
1122,US.FB,Facebook,0,0,0,o48rB0tah-lw0tJ9AKXXgbgwuSUY
1123,US.ILMN,"Illumina, Inc.",0,0,0,o48rB0tah-lw0tJ9AKXXgbgwuSUY
1124,US.BGNE,US.BGNE,0,0,0,o48rB0tah-lw0tJ9AKXXgbgwuSUY
1125,US.NKTR,US.NKTR,0,0,0,o48rB0tah-lw0tJ9AKXXgbgwuSUY
1126,US.VSTM,US.VSTM,0,0,0,o48rB0tah-lw0tJ9AKXXgbgwuSUY
1127,US.SRNE,US.SRNE,0,0,0,o48rB0tah-lw0tJ9AKXXgbgwuSUY
1128,US.INCY, Incyte Corporation,0,0,0,o48rB0tah-lw0tJ9AKXXgbgwuSUY
1129,US.AKAO,Achaogen Inc,0,0,0,o48rB0tah-lw0tJ9AKXXgbgwuSUY
1130,US.TOCA,US.TOCA,0,0,0,o48rB0tah-lw0tJ9AKXXgbgwuSUY
1131,US.FIT,US.FIT,0,0,0,o48rB0tah-lw0tJ9AKXXgbgwuSUY
1132,US.PYPL,PayPal,0,0,0,o48rB0tah-lw0tJ9AKXXgbgwuSUY
1133,US.PTLA,US.PTLA,0,0,0,o48rB0tah-lw0tJ9AKXXgbgwuSUY
1134,US.TWTR,US.TWTR,0,0,0,o48rB0tah-lw0tJ9AKXXgbgwuSUY
1135,US.ONCE,US.ONCE,0,0,0,o48rB0tah-lw0tJ9AKXXgbgwuSUY
1136,US.GLMD,US.GLMD,0,0,0,o48rB0tah-lw0tJ9AKXXgbgwuSUY
1137,US.IMGN,US.IMGN,0,0,0,o48rB0tah-lw0tJ9AKXXgbgwuSUY
1138,US.ALNY,US.ALNY,0,0,0,o48rB0tah-lw0tJ9AKXXgbgwuSUY
1139,US.JD, JD.com Inc.,0,0,0,o48rB0tah-lw0tJ9AKXXgbgwuSUY
1140,US.DXCM,US.DXCM,0,0,0,o48rB0tah-lw0tJ9AKXXgbgwuSUY
1141,HK.01548,金斯瑞生物,0,0,0,o48rB0tah-lw0tJ9AKXXgbgwuSUY
1142,HK.01030,新城发展控股,0,0,0,o48rB0tah-lw0tJ9AKXXgbgwuSUY
1143,HK.00268,金蝶国际,0,0,0,o48rB0tah-lw0tJ9AKXXgbgwuSUY
1144,HK.800000,恒生指数,0,0,0,o48rB0tah-lw0tJ9AKXXgbgwuSUY
1145,HK.08083,中国创新支付,0,0,0,o48rB0tah-lw0tJ9AKXXgbgwuSUY
1146,US.SRNE,索伦托,0,0,0,o48rB0jO_sMoLTa7iuco_T0l3Ucw
1147,SZ.002475,立讯精密,0,0,0,o48rB0jO_sMoLTa7iuco_T0l3Ucw
1148,SZ.002273,水晶光电,0,0,0,o48rB0jO_sMoLTa7iuco_T0l3Ucw
1149,SZ.002456,欧菲科技,0,0,0,o48rB0jO_sMoLTa7iuco_T0l3Ucw
1150,SZ.300136,信维通信,0,0,0,o48rB0jO_sMoLTa7iuco_T0l3Ucw
1151,SH.601155,新城发展,0,0,0,o48rB0jO_sMoLTa7iuco_T0l3Ucw
1152,SH.601318,中国平安,0,0,0,o48rB0jO_sMoLTa7iuco_T0l3Ucw
1153,SZ.002555,三七互娱,0,0,0,o48rB0jO_sMoLTa7iuco_T0l3Ucw
1154,SZ.002448,中原内配,0,0,0,o48rB0jO_sMoLTa7iuco_T0l3Ucw
1155,SH.603558,健盛集团,0,0,0,o48rB0jO_sMoLTa7iuco_T0l3Ucw
1156,SZ.002832,比音勒芬,0,0,0,o48rB0jO_sMoLTa7iuco_T0l3Ucw
1157,SH.603605,珀莱雅,0,0,0,o48rB0jO_sMoLTa7iuco_T0l3Ucw
1158,SH.600351,亚宝药业,0,0,0,o48rB0jO_sMoLTa7iuco_T0l3Ucw
1159,SZ.300488,恒锋工具,0,0,0,o48rB0jO_sMoLTa7iuco_T0l3Ucw
1160,SZ.300441,鲍斯股份,0,0,0,o48rB0jO_sMoLTa7iuco_T0l3Ucw
1161,SZ.300102,乾照光电,0,0,0,o48rB0jO_sMoLTa7iuco_T0l3Ucw
1162,SZ.300081,恒信东方,0,0,0,o48rB0jO_sMoLTa7iuco_T0l3Ucw
1163,SZ.002773,康弘药业,0,0,0,o48rB0jO_sMoLTa7iuco_T0l3Ucw
1164,SZ.300338,国祯环保,0,0,0,o48rB0jO_sMoLTa7iuco_T0l3Ucw
1165,HK.800000,恒生指数,0,0,0,o48rB0jO_sMoLTa7iuco_T0l3Ucw
1166,HK.800000,恒生指数,0,0,0,o48rB0jO_sMoLTa7iuco_T0l3Ucw
1167,HK.08392,舍图控股,0,0,0,o48rB0jO_sMoLTa7iuco_T0l3Ucw
1168,HK.08377,申酉控股,0,0,0,o48rB0jO_sMoLTa7iuco_T0l3Ucw
1169,HK.08083,中国创新支付,0,0,0,o48rB0jO_sMoLTa7iuco_T0l3Ucw
1170,US.TSLA,Tesla Motors Inc,0,0,0,o48rB0ioXB8CDQuodhP76HZ0EJAs
1171,US.SRNE,索伦托,0,0,0,o48rB0ioXB8CDQuodhP76HZ0EJAs
1172,US.BLCM,Bellicium,0,0,0,o48rB0ioXB8CDQuodhP76HZ0EJAs
1173,US.ADAP,US.ADAP,0,0,0,o48rB0ioXB8CDQuodhP76HZ0EJAs
1174,US.GOOS,US.GOOS,0,0,0,o48rB0ioXB8CDQuodhP76HZ0EJAs
1175,US.NTLA,US.NTLA,0,0,0,o48rB0ioXB8CDQuodhP76HZ0EJAs
1176,US.SPPI,US.SPPI,0,0,0,o48rB0ioXB8CDQuodhP76HZ0EJAs
1177,US.AXL,US.AXL,0,0,0,o48rB0ioXB8CDQuodhP76HZ0EJAs
1178,US.ATRA,US.ATRA,0,0,0,o48rB0ioXB8CDQuodhP76HZ0EJAs
1179,US.SHOP,Shopify,0,0,0,o48rB0ioXB8CDQuodhP76HZ0EJAs
1180,US.ABEO,Abeona Therapeutics Inc,0,0,0,o48rB0ioXB8CDQuodhP76HZ0EJAs
1181,US.BOFI,"BofI Holding, Inc.",0,0,0,o48rB0ioXB8CDQuodhP76HZ0EJAs
1182,US.GIII,US.GIII,0,0,0,o48rB0ioXB8CDQuodhP76HZ0EJAs
1183,US.MDGL,US.MDGL,0,0,0,o48rB0ioXB8CDQuodhP76HZ0EJAs
1184,US.CNAT,US.CNAT,0,0,0,o48rB0ioXB8CDQuodhP76HZ0EJAs
1185,US.ICPT,Intercept,0,0,0,o48rB0ioXB8CDQuodhP76HZ0EJAs
1186,US.TNDM,US.TNDM,0,0,0,o48rB0ioXB8CDQuodhP76HZ0EJAs
1187,US.INNT,US.INNT,0,0,0,o48rB0ioXB8CDQuodhP76HZ0EJAs
1188,US.ARQL,US.ARQL,0,0,0,o48rB0ioXB8CDQuodhP76HZ0EJAs
1189,US.OCUL,US.OCUL,0,0,0,o48rB0ioXB8CDQuodhP76HZ0EJAs
1190,US.ACAD,US.ACAD,0,0,0,o48rB0ioXB8CDQuodhP76HZ0EJAs
1191,US.CRBP,US.CRBP,0,0,0,o48rB0ioXB8CDQuodhP76HZ0EJAs
1192,US.VSAR,US.VSAR,0,0,0,o48rB0ioXB8CDQuodhP76HZ0EJAs
1193,US.MEIP,US.MEIP,0,0,0,o48rB0ioXB8CDQuodhP76HZ0EJAs
1194,US.MLNT,US.MLNT,0,0,0,o48rB0ioXB8CDQuodhP76HZ0EJAs
1195,US.LXRX,US.LXRX,0,0,0,o48rB0ioXB8CDQuodhP76HZ0EJAs
1196,US.TXMD,US.TXMD,0,0,0,o48rB0ioXB8CDQuodhP76HZ0EJAs
1197,US.TRXC,US.TRXC,0,0,0,o48rB0ioXB8CDQuodhP76HZ0EJAs
1198,US.DNLI,US.DNLI,0,0,0,o48rB0ioXB8CDQuodhP76HZ0EJAs
1199,US.BMRN, BioMarin,0,0,0,o48rB0ioXB8CDQuodhP76HZ0EJAs
1200,US.BOLD,US.BOLD,0,0,0,o48rB0ioXB8CDQuodhP76HZ0EJAs
1201,US.ADVM,US.ADVM,0,0,0,o48rB0ioXB8CDQuodhP76HZ0EJAs
1202,US.KRYS,US.KRYS,0,0,0,o48rB0ioXB8CDQuodhP76HZ0EJAs
1203,US.EOLS,US.EOLS,0,0,0,o48rB0ioXB8CDQuodhP76HZ0EJAs
1204,US.SAGE,US.SAGE,0,0,0,o48rB0ioXB8CDQuodhP76HZ0EJAs
1205,HK.01030,新城发展控股,0,0,0,o48rB0ioXB8CDQuodhP76HZ0EJAs
1206,HK.00700,腾讯控股,0,0,0,o48rB0ioXB8CDQuodhP76HZ0EJAs
1207,HK.02382,舜宇光学科技,0,0,0,o48rB0ioXB8CDQuodhP76HZ0EJAs
1208,HK.02018,瑞声科技 ,0,0,0,o48rB0ioXB8CDQuodhP76HZ0EJAs
1209,HK.01548,金斯瑞生物,0,0,0,o48rB0ioXB8CDQuodhP76HZ0EJAs
1210,HK.00027,银河娱乐,0,0,0,o48rB0ioXB8CDQuodhP76HZ0EJAs
1211,SH.601155,新城发展,0,0,0,o48rB0ioXB8CDQuodhP76HZ0EJAs
1212,SZ.000002,万科A,0,0,0,o48rB0ioXB8CDQuodhP76HZ0EJAs
1213,US.O,Realty Income Corp.,0,0,0,o48rB0ioXB8CDQuodhP76HZ0EJAs
1214,US.OMER,Omeros Corporation,0,0,0,o48rB0ioXB8CDQuodhP76HZ0EJAs
1215,US.IMGN,"Immunomedics, Inc.",0,0,0,o48rB0ioXB8CDQuodhP76HZ0EJAs
1216,US.TOCA,Tocagen,0,0,0,o48rB0ioXB8CDQuodhP76HZ0EJAs
1217,US.AKAO,Achaogen Inc,0,0,0,o48rB0ioXB8CDQuodhP76HZ0EJAs
1218,HK.02318,中国平安,0,0,0,o48rB0ioXB8CDQuodhP76HZ0EJAs
1219,SZ.002460,赣锋锂业,0,0,0,o48rB0ioXB8CDQuodhP76HZ0EJAs
1220,US.SPY,标普500指数,0,0,0,o48rB0ioXB8CDQuodhP76HZ0EJAs
1221,HK.800000,恒生指数,0,0,0,o48rB0ioXB8CDQuodhP76HZ0EJAs
1222,HK.08083,中国创新支付,0,0,0,o48rB0ioXB8CDQuodhP76HZ0EJAs
