,code,stock_name
0,HK.00101,恒隆地產
1,HK.00732,信利國際
2,HK.00762,中國聯通
3,HK.01038,長江基建集團
4,HK.02388,中銀香港
5,HK.02899,紫金礦業
6,HK.03618,重慶農村商業銀行
7,HK.00976,齊合環保
8,SH.600160,巨化股份
9,SH.601158,重庆水务
10,SZ.300415,伊之密
11,SZ.300137,先河环保
12,SH.601997,贵阳银行
13,SZ.300451,创业软件
14,SH.600588,用友网络
15,SZ.002555,三七互娱
16,SZ.300355,蒙草生态
17,SH.600018,上港集团
18,SZ.300469,信息发展
19,SH.600406,国电南瑞
20,SZ.300096,易联众
21,SH.600020,中原高速
22,SZ.002574,明牌珠宝
23,SH.603165,荣晟环保
24,SH.600273,嘉化能源
25,SH.603458,勘设股份
26,SH.603638,艾迪精密
27,SZ.002354,天神娱乐
28,SZ.002651,利君股份
29,SH.603598,引力传媒
30,SZ.002043,兔 宝 宝
31,SZ.000011,深物业A
32,SZ.300155,安居宝
33,SZ.300306,远方信息
34,SH.600279,重庆港九
35,HK.00317,中船防務
36,HK.01788,國泰君安國際
37,HK.01375,中州證券
